label,analysisType,rSquared,ratio,N_gt,pValue,TG_ice,sample
cPRDM14_20241127F---CPRDM14-F-embryo-editing-data.ab1,FORWARD,0.9395551078239881,45.23,-4[g1],0.0,GCACACACC––––|GCCGGAGCGACGGTGGCCAGTGTTGGGGACCTGAGATTTTCGTTCCGCCGCCCCCCGTGGATGCTTCGTTGTTACCTGAGAGGCCGAAGCCC,cPRDM14_20241127F---CPRDM14-F-embryo-editing-data
cPRDM14_20241127F---CPRDM14-F-embryo-editing-data.ab1,FORWARD,0.9395551078239881,24.54,0[g1],0.0,GCACACACCGCCG|GCCGGAGCGACGGTGGCCAGTGTTGGGGACCTGAGATTTTCGTTCCGCCGCCCCCCGTGGATGCTTCGTTGTTACCTGAGAGGCCGAAGCCC,cPRDM14_20241127F---CPRDM14-F-embryo-editing-data
cPRDM14_20241127F---CPRDM14-F-embryo-editing-data.ab1,FORWARD,0.9395551078239881,9.66,1[g1],0.0,GCACACACCGCCG|AGCCGGAGCGACGGTGGCCAGTGTTGGGGACCTGAGATTTTCGTTCCGCCGCCCCCCGTGGATGCTTCGTTGTTACCTGAGAGGCCGAAGCC,cPRDM14_20241127F---CPRDM14-F-embryo-editing-data
cPRDM14_20241127F---CPRDM14-F-embryo-editing-data.ab1,FORWARD,0.9395551078239881,4.76,-11[g1],1.8453905070714427e-11,GCA––––––––––|–CCGGAGCGACGGTGGCCAGTGTTGGGGACCTGAGATTTTCGTTCCGCCGCCCCCCGTGGATGCTTCGTTGTTACCTGAGAGGCCGAAGCCC,cPRDM14_20241127F---CPRDM14-F-embryo-editing-data
cPRDM14_20241127F---CPRDM14-F-embryo-editing-data.ab1,FORWARD,0.9395551078239881,4.33,-1[g1],1.5986520995880937e-08,GCACACACCGCC–|GCCGGAGCGACGGTGGCCAGTGTTGGGGACCTGAGATTTTCGTTCCGCCGCCCCCCGTGGATGCTTCGTTGTTACCTGAGAGGCCGAAGCCC,cPRDM14_20241127F---CPRDM14-F-embryo-editing-data
cPRDM14_20241127F---CPRDM14-F-embryo-editing-data.ab1,FORWARD,0.9395551078239881,3.83,-5[g1],4.4353506911676277e-07,GCACACACCGCC–|––––GAGCGACGGTGGCCAGTGTTGGGGACCTGAGATTTTCGTTCCGCCGCCCCCCGTGGATGCTTCGTTGTTACCTGAGAGGCCGAAGCCC,cPRDM14_20241127F---CPRDM14-F-embryo-editing-data
cPRDM14_20241127F---CPRDM14-F-embryo-editing-data.ab1,FORWARD,0.9395551078239881,3.47,-3[g1],4.071067587707589e-06,GCACACACCGC––|–CCGGAGCGACGGTGGCCAGTGTTGGGGACCTGAGATTTTCGTTCCGCCGCCCCCCGTGGATGCTTCGTTGTTACCTGAGAGGCCGAAGCCC,cPRDM14_20241127F---CPRDM14-F-embryo-editing-data
cPRDM14_20241127F---CPRDM14-F-embryo-editing-data.ab1,FORWARD,0.9395551078239881,2.17,2[g1],0.00450390594338268,GCACACACCGCCG|AAGCCGGAGCGACGGTGGCCAGTGTTGGGGACCTGAGATTTTCGTTCCGCCGCCCCCCGTGGATGCTTCGTTGTTACCTGAGAGGCCGAAGC,cPRDM14_20241127F---CPRDM14-F-embryo-editing-data
cPRDM14_20241127F---CPRDM14-F-embryo-editing-data.ab1,FORWARD,0.9395551078239881,2.01,-7[g1],0.00642505081923761,GCACAC–––––––|GCCGGAGCGACGGTGGCCAGTGTTGGGGACCTGAGATTTTCGTTCCGCCGCCCCCCGTGGATGCTTCGTTGTTACCTGAGAGGCCGAAGCCC,cPRDM14_20241127F---CPRDM14-F-embryo-editing-data
