Identifier,N_gt,indel_size,Indelgen_seq,loc,Count
D1_L-2C1R1,-1,-1,AAATCTCAGGTCCCCAACACTGGCCACCGTCGCTCCGGCGGCGGTGTGTGCCAAGTCCTCGCTGGCGGCGCCGGTAAA,"[(37,39,),(38,40,)]",5.53
D29_L-11R19,-29,-29,AAATCTCAGGTCCCCAACACTGGCCACCGCTCGCTGGCGGCGCCGGTAAA,"[(28,58,)]",3.54
D3_L-5C1R0,-3,-3,AAATCTCAGGTCCCCAACACTGGCCACCGTCGCTCCCGGCGGTGTGTGCCAAGTCCTCGCTGGCGGCGCCGGTAAA,"[(35,39,)]",4.06
D4_L-6C5R4,-4,-4,AAATCTCAGGTCCCCAACACTGGCCACCGTCGCTCCGGCGGTGTGTGCCAAGTCCTCGCTGGCGGCGCCGGTAAA,"[(34,39,),(35,40,),(36,41,),(37,42,),(38,43,)]",42.84
D5_L-4C1R3,-5,-5,AAATCTCAGGTCCCCAACACTGGCCACCGTCGCTCCGCGGTGTGTGCCAAGTCCTCGCTGGCGGCGCCGGTAAA,"[(35,41,),(36,42,)]",2.92
I1_L-2C2R1,1,1,AAATCTCAGGTCCCCAACACTGGCCACCGTCGCTCCGGCCCGGCGGTGTGTGCCAAGTCCTCGCTGGCGGCGCCGGTAAA,"[(38,39,C)]",10.81
I2_L-1C1R1,2,2,AAATCTCAGGTCCCCAACACTGGCCACCGTCGCTCCGGCCACGGCGGTGTGTGCCAAGTCCTCGCTGGCGGCGCCGGTAAA,"[(38,39,CA),(38,39,CT)]",3.55
Not Present,-31,-31,Not Present,Not Present,2.83
Not Present,0,0,Not Present,Not Present,23.92
