idx,seq,Identifier
1,GAGGGAATGAGTCAGCTCTCTGGGACTGCAAACATGATGGGGAAAGCATAACTGTACTCACCAACAGGATGCTGG,D4_L-5C5R5
2,GAGGGAATGAGTCAGCTCTCTGGGACTGCAAACATGATGATGGGGAAAGCATAACTGTACTCACCAACAGGATGCTGG,D1_L-2C1R1
3,GAGGGAATGAGTCAGCTCTCTGGGACTGCAAACATGGGGAAAGCATAACTGTACTCACCAACAGGATGCTGG,D7_L-7C3R4
4,GAGGGAATGAGTCAGCTCTCTGGGGAAAGCATAACTGTACTCACCAACAGGATGCTGG,D21_L-20C4R6
5,GAGGGAATGAGTCAGCTCTCTGGGACTGCAAACATGAGATGGGGAAAGCATAACTGTACTCACCAACAGGATGCTGG,D2_L-3R0
6,GAGGGAATGAGTCAGCTCTCTGGGAAAGCATAACTGTACTCACCAACAGGATGCTGG,D22_L-19C4R8
7,GAGGGAATGAGTCAGCTCTCTGGGACTGCAAACATGATGGAAAGCATAACTGTACTCACCAACAGGATGCTGG,D6_L-2C3R8
8,GAGGGAATGAGTCAGCTCTCTGGGACTGCAAACATGAAAGCATAACTGTACTCACCAACAGGATGCTGG,D10_L-5C2R8
9,GAGGGAATGAGTCAGCTCTCTGGGACTGCAAACATGATGGGAAAGCATAACTGTACTCACCAACAGGATGCTGG,D5_L-2C2R6
10,GAGGGAATGAGTCAGCTCTCTGGGATGGGGAAAGCATAACTGTACTCACCAACAGGATGCTGG,D16_L-18C3R2
11,GAGGGAATGAGTCAGCTCTCTGGGACTGCAAACATGATGTGGGGAAAGCATAACTGTACTCACCAACAGGATGCTGG,D2_L-1R2
12,GAGGGAATGAGTCAGCTCTCTGGGACTGCAAACATGATGGGATGGGGAAAGCATAACTGTACTCACCAACAGGATGCTGG,I1_L-2C2R1
13,GAGGGAATGAGTCAGCTCTCTGGGACTGCAAACATGATAACTGTACTCACCAACAGGATGCTGG,D15_L-4C2R14
14,GAGGGAATGAGTCAGCTCTCTGGGACTGCAAACATGATGCATAACTGTACTCACCAACAGGATGCTGG,D11_L-2C1R11
15,GAGGGAATGAGTCAGCTCTCTGGGACTGCAAACATGGATGGGGAAAGCATAACTGTACTCACCAACAGGATGCTGG,D3_L-7C3R0
16,GAGGGAATGAGTCAGCTCTCTGGGACTGCATAACTGTACTCACCAACAGGATGCTGG,D22_L-13C3R13
17,GAGGGAATGAGTCAGCTCTCTGGGACTGCAAACGATGGGGAAAGCATAACTGTACTCACCAACAGGATGCTGG,D6_L-7R0
18,GAGGGAATGAGTCAGCTCTCTGGGACTGATGGGGAAAGCATAACTGTACTCACCAACAGGATGCTGG,D12_L-13C1R1
19,GAGGGAATGAGTCAGCTCTCTGGGACTGCAAAGATGGGGAAAGCATAACTGTACTCACCAACAGGATGCTGG,D7_L-8R0
20,GAGGGAATGAGTCAGCTCTCTGGGACTGCAAACATAACTGTACTCACCAACAGGATGCTGG,D18_L-8C3R14
21,GAGGGAATGAGTCAGCTCTCTGGGACTGTACTCACCAACAGGATGCTGG,D30_L-16C4R19
22,GAGGGAATGAGTCAGCTCTCTGGGACTGCAAACATGATGAAAGCATAACTGTACTCACCAACAGGATGCTGG,D7_L-2C1R7
23,GAGGGAATGAGTCAGCTCTCTGGGACTGCAAAGCATAACTGTACTCACCAACAGGATGCTGG,D17_L-11C3R10
24,GAGGGAATGAGTCAGCTCTCTGGGACTGCAAACAGATGGGGAAAGCATAACTGTACTCACCAACAGGATGCTGG,D5_L-6R0
25,GAGGGAATGAGTCAGCTCTCTGGGACTGCAAACATGATGGGGGAAAGCATAACTGTACTCACCAACAGGATGCTGG,D3_L-1C1R4
26,GAGGGAATGAGTCAGCTCTCTGGGACTGCAAACATGATGAGATGGGGAAAGCATAACTGTACTCACCAACAGGATGCTGG,I1_L-1R0
27,GAGGGAATGAGTCAGCTCTCTGGGACTGCAAACTGTACTCACCAACAGGATGCTGG,D23_L-10C3R17
28,GAGGGAATGAGTCAGCTCTCTGGGACTGCAAACATGAAGCATAACTGTACTCACCAACAGGATGCTGG,D11_L-4C1R9
29,GAGGGAATGAGTCAGCTCTCTGGGACTGCAAACATGATGTACTCACCAACAGGATGCTGG,D19_L-3C2R19
30,GAGGGAATGAGTCAGCTCTCTGGATGGGGAAAGCATAACTGTACTCACCAACAGGATGCTGG,D17_L-20C3R1
31,GAGGGAATGAGTCAGCTCTCTGGGACTGGATGGGGAAAGCATAACTGTACTCACCAACAGGATGCTGG,D11_L-14C2R0
32,GAGGGAATGAGTCAGCTCTCTGGGACTGGGGAAAGCATAACTGTACTCACCAACAGGATGCTGG,D15_L-14C2R4
33,GAGGGAATGAGTCAGCTCTCTGGGACTGCAAACATGAGCATAACTGTACTCACCAACAGGATGCTGG,D12_L-4C1R10
34,GAGGGAATGAGATGGGGAAAGCATAACTGTACTCACCAACAGGATGCTGG,D29_L-30C1R1
35,GAGGGAATGAGTCAGCTCTCTGGGACTGCAAGCATAACTGTACTCACCAACAGGATGCTGG,D18_L-11C2R10
36,GAGGGAATGAGTCAGCTCTCTGGAAAGCATAACTGTACTCACCAACAGGATGCTGG,D23_L-19C2R7
37,GAGGGAATGAGTCAGCTCTCTGGGACTGCATGGGGAAAGCATAACTGTACTCACCAACAGGATGCTGG,D11_L-11C1R2
38,GAGGGAATGAGTCAGCTCTCTGGGACTGCGATGGGGAAAGCATAACTGTACTCACCAACAGGATGCTGG,D10_L-11R0
39,GAGGGAATGAGTCAGCTCTCTGGGACTGCAAACATGATATGGGGAAAGCATAACTGTACTCACCAACAGGATGCTGG,D2_L-2R1
40,GAGGGAATGAGTCAGCTCTCTGGGACTGCAAGATGGGGAAAGCATAACTGTACTCACCAACAGGATGCTGG,D8_L-9R0
41,GAGGGAATGAGTCAGCTCTCTGGGACTGCAAACATGATGATAACTGTACTCACCAACAGGATGCTGG,D12_L-1R12
42,GAGGGAATGAGTCAGATGGGGAAAGCATAACTGTACTCACCAACAGGATGCTGG,D25_L-26C1R1
43,GAGGGAATGAGTCAGCTCTCTGGGACTGCAAACATGATGAAGCATAACTGTACTCACCAACAGGATGCTGG,D8_L-1R8
44,GAGGGAATGAGTCAGCTCTCTGGGACTGCAAACATGATGGCATAACTGTACTCACCAACAGGATGCTGG,D10_L-1C1R11
45,GAGGGAATGAGTCAGCTCTCTGGGACTGCAGATGGGGAAAGCATAACTGTACTCACCAACAGGATGCTGG,D9_L-10R0
46,GAGGGAATGAGTCAGCTCTCTGGGACTGCAAATGGGGAAAGCATAACTGTACTCACCAACAGGATGCTGG,D9_L-9C1R2
47,GAGGGAATGAGTCAGCTCTCTGGGACTGCAAACATGGAAAGCATAACTGTACTCACCAACAGGATGCTGG,D9_L-5C1R6
48,GAGGGAATGAGTCAGCTCTCTGGGACTGCAAAAGCATAACTGTACTCACCAACAGGATGCTGG,D16_L-10C2R9
49,GAGGGAATGAGTCAGCTCTCTGGGACTGCAAACATGAATGGGGAAAGCATAACTGTACTCACCAACAGGATGCTGG,D3_L-3R1
50,GAGGGAATGAGTCAGCTCTCTGATGGGGAAAGCATAACTGTACTCACCAACAGGATGCTGG,D18_L-19C1R1
51,GAGGGAATGAGTCAGCTCTCTGGGACTGCAAACATGGGAAAGCATAACTGTACTCACCAACAGGATGCTGG,D8_L-5C1R5
52,GAGGGAATGAGTCAGCTCTCTGGGACTGCAAACATGATGAGCATAACTGTACTCACCAACAGGATGCTGG,D9_L-1R9
53,GAGGGAATGAGTCAGCTCTCTGGGACTGCAACTGTACTCACCAACAGGATGCTGG,D24_L-11C2R16
54,GAGGGAATGAGTCAGCTCTCTGGGACTGCAATGGGGAAAGCATAACTGTACTCACCAACAGGATGCTGG,D10_L-10C1R2
55,GAGGGAATGAGTCAGCTCTCTGGGACTGCAAACATGTACTCACCAACAGGATGCTGG,D22_L-6C2R19
56,GAGGGAATGAGTCAGCTCTCTGGGGGAAAGCATAACTGTACTCACCAACAGGATGCTGG,D20_L-18C2R5
57,GAGGGAATGAGTCAGCTCTCTGGGACTGCAAACAGCATAACTGTACTCACCAACAGGATGCTGG,D15_L-7C1R10
58,GAGGGAATGAGTCAGCTCTCTGGGAGCATAACTGTACTCACCAACAGGATGCTGG,D24_L-16C1R10
59,GAGGGAATGAGTCAGCTCTCTGGGACTGCAAACATGCATAACTGTACTCACCAACAGGATGCTGG,D14_L-5C1R11
60,GAGGGAATGAGTCAGCTCTCTGGGACTGCAAACATGATGAACTGTACTCACCAACAGGATGCTGG,D14_L-1R14
61,GAGGGAATGAGTCAGCTCTCTGGGAAGCATAACTGTACTCACCAACAGGATGCTGG,D23_L-16C1R9
62,GAGGGAATGAGTCAGCTCTCTGGGACTGCAAACATGAACTGTACTCACCAACAGGATGCTGG,D17_L-4C1R15
63,GAGGGAATGAGTCAGCTCTCTGGGACTGCAAACATGACTGTACTCACCAACAGGATGCTGG,D18_L-4C1R16
64,GAGGGAATGAGTCAGCTCTCTGGGACATAACTGTACTCACCAACAGGATGCTGG,D25_L-15C1R12
65,GAGGGAATGAGTCAGCTCTCTGGGCATAACTGTACTCACCAACAGGATGCTGG,D26_L-17C1R11
66,GAGGGAATGAGTCAGCTCTCTGGCATAACTGTACTCACCAACAGGATGCTGG,D27_L-18C1R11
67,GAGGGAATGAGTCAGCTCTCTGGGACTGCAAACACCAACAGGATGCTGG,D30_L-8C2R25
68,GAGGGAATGAGTCAGCTCTCTGGGACTGGAAAGCATAACTGTACTCACCAACAGGATGCTGG,D17_L-13C1R6
69,GAGGGAATGAGTCAGCTCTCTGGGACTGCAAACATGATGTAACTGTACTCACCAACAGGATGCTGG,D13_L-1R13
70,GAGGGAATGAGTCAGCTCTCTGCATAACTGTACTCACCAACAGGATGCTGG,D28_L-19C1R11
71,GAGGGAATGAGTCAGCTCTCTGGGACTGCAAACTCACCAACAGGATGCTGG,D28_L-9C2R22
72,GAGGGAATGAGTCAGCTCTCTGGGACTGCAAACATGATGAAGATGGGGAAAGCATAACTGTACTCACCAACAGGATGCTGG,I2_L-1R0
73,GAGGGAATGAGTCAGCTCTCTGGGACTGCAAACATGATCACCAACAGGATGCTGG,D24_L-3C1R23
74,GAGGGAATGGATGGGGAAAGCATAACTGTACTCACCAACAGGATGCTGG,D30_L-34C3R0
75,GAGGGAATGAGTCAGCTCTCTGGGACTGCAAACATGATACTCACCAACAGGATGCTGG,D21_L-3C1R20
76,GAGGGAATGAGTCAGGAAAGCATAACTGTACTCACCAACAGGATGCTGG,D30_L-26C1R6
77,GAGGGAATGAGTCAGCTCTCTGGGACTGCAAACATGAGGAAAGCATAACTGTACTCACCAACAGGATGCTGG,D7_L-3R5
78,GAGGGAATGAGTCAGCTCTCTGGGACTGAAAGCATAACTGTACTCACCAACAGGATGCTGG,D18_L-13C1R7
79,GAGGGAATGAGTCAGCTCTCTGGGATAACTGTACTCACCAACAGGATGCTGG,D27_L-16C1R13
80,GAGGGAATGAGTCAGCTCTCTGGGACTGCAAACATGATGCAACAGGATGCTGG,D26_L-1R26
81,GAGGGAATGAGTCAGCTCTCTGGGACTGCAAACATGTGGGGAAAGCATAACTGTACTCACCAACAGGATGCTGG,D5_L-4R2
82,GAGGGAATGAGTCAGCTCTCTGGGACTGCAAACATGAGGGAAAGCATAACTGTACTCACCAACAGGATGCTGG,D6_L-3R4
83,GAGGGAATGAGTCAGCTCTCTGGGACTGCAAACATGATTGGGGAAAGCATAACTGTACTCACCAACAGGATGCTGG,D3_L-2R2
84,GAGGGAATGAGTCAGCTCTCTGGGACTGCAAACATGATGGAGATGGGGAAAGCATAACTGTACTCACCAACAGGATGCTGG,I2_L-1C2R2
85,GAGGGAATGAGTCAGCTCTCTGGGACTGCAAACATGATGAGGATGGGGAAAGCATAACTGTACTCACCAACAGGATGCTGG,I2_L-2C1R0
86,GAGGGAATGAGTCAGCTCTCTGGGACTAACTGTACTCACCAACAGGATGCTGG,D26_L-14C1R14
87,GAGGGAATGAGTCAGCTCTCTGGGACTGCAAACATGATGTGGATGGGGAAAGCATAACTGTACTCACCAACAGGATGCTGG,I2_L-3C2R0
88,GAGGGAATGAGTCAGCTCTCTGGGACTGCAAACATGATGAACAGGATGCTGG,D27_L-1R27
89,GAGGGAATGAGTCGATGGGGAAAGCATAACTGTACTCACCAACAGGATGCTGG,D26_L-27R0
90,GAGGGAATGAGTCAGCTCTCTGGGACTGCAAACATGATGGTGATGGGGAAAGCATAACTGTACTCACCAACAGGATGCTGG,I2_L-1C1R1
91,GAGGGAATGAGTCAGCTCTCTGGGACTGCAAACATATGGGGAAAGCATAACTGTACTCACCAACAGGATGCTGG,D5_L-5R1
92,GAGGGAATGAGTCAGCTCTCTGGGACTGCAATAACTGTACTCACCAACAGGATGCTGG,D21_L-10C1R13
93,GAGGGAATGAGTCAGCTCGATGGGGAAAGCATAACTGTACTCACCAACAGGATGCTGG,D21_L-22R0
94,GAGGGAATGAGTCAGCTCTCTGGGACTGCAAACATGATGGTACTCACCAACAGGATGCTGG,D18_L-1C1R19
95,GAGGGAATGAGTCAGCTCTCGATGGGGAAAGCATAACTGTACTCACCAACAGGATGCTGG,D19_L-20R0
96,GAGGGAATGAGTCAGCTCTCTGGGACTGCAGCATAACTGTACTCACCAACAGGATGCTGG,D19_L-11C1R10
97,GAGGGAATGAGTCAGCTCTCTGGGACTGCAAACATGATGGGGATGGGGAAAGCATAACTGTACTCACCAACAGGATGCTGG,I2_L-2C2R1
