guide,seq,r2,count
cGHR,TCCAGTGACATGAGAAAGTCTCCAGTTCAGGTGAACGGCACTTGGTGAATTTAGGATTCCCAGAAGAATCTGCAGAGTA,0.9240069716897836,1914.8999999999999
cPRDM14,AAATCTCAGGTCCCCAACACTGGCCACCGTCGCTCCGGCCGGCGGTGTGTGCCAAGTCCTCGCTGGCGGCGCCGGTAAA,0.939555107823988,2263.8
cRAG2,ATGAATTTTGATGGGCAAGTTTTCTTCTTTGGCCAAAAAGGCTGGCCCAAGAGGTCTTGCCCCACTGGAGTTTTCCATT,0.7377496860968596,2363.1000000000004
gGHR,GTTTTTCTTTGTATGATTGCAGGTCCTACAGGTATGGATCTCTGGAAGCTGCTGTTGACCTTGGCAGTGGCAGGCTCCA,0.9428356164388156,2500.0
gPRDM1,CGCCGAAGAAGATGTCGCAGACGAAGGAGGCGCTTTGGTCGGAGGCGCAGGAGGAGAGGTGAAGAGGGCCCACCCTTGG,0.9540711208604582,2500.25
gPRDM14,AAATCTCAGGTCCCCAACACTGGCCACCGTCGCTCCGGCCGGCGGTGTGTGCCAAGTCCTCGCTGGCGGCGCCGGTAAA,0.9984305443527598,2500.0
mAdam6,TCTGGTGTTCTCAAGGCCATCCCACTTGGCGTTACATCTCATCGGAGGTGGTTATTCCTCGGAAGGAGATCTACCATAC,0.9327160713602514,1904.0100000000002
mAdgre1,CAATCTTCAGACATTGTTCCATAATATATTTAAAAGCAAGAAAGGATGTTAACCCTGAAAAAGACAAAAGGGAATGACC,0.9810582328006566,1699.9500000000003
mCD44,TTTCAAAACCCTTGCTCAGGGCCAACTTCATTTGGTCCATGGTGGGTAAGGTACTGTTGAAAGCCTGGCAGAGGTCAGC,0.9531569082153203,2623.36
mCD74,AACTTCCCCCTTGCCCTGCCGCTCTGCAGAGGTCTGGACCCCTGGAGTACCCGCAGCTGAAGGGGACCTTCCCAGAGAA,0.8957611619307202,3392.0
mCTNNB1,ACTGCTTACCTGGTCCTCATCGTTTAGCAGTTTTGTCAGCTCAGGAATTGCACGTGTGGCAAGTTCCGCGTCATCCTGA,0.960318948158534,3959.0100000000007
mDIRK,CAGATCCAGGGGCCAGTGGATAGACAGATGGGGGTGTCGTTTTGGCTACAAGAAAAAGTATATGTGATTACACTGTCAG,0.8257119643515171,2085.6
mDcbld2,ACAGACACAAACACACACACACACAAGTACATACCTGAACTCTGGTTCCAAAAAATTAGATACAGTATCCAAACAAGTG,0.9394724994744448,2324.7
mELF5,CACGGGTGGCAGGAAGAGAAACTCTGATGGACACCGGACACCAGGCTCATTTGATGGATTTCTGTTGTTGGAAACAATC,0.8548626981817706,413.05
mEPHA2,GACAGTGGGTCCTCAGGTGCCCTGAAATAGCCTTCTTCACACTGGCAGGAGGTGGCACCCTCTGTGGATGGCAGGGTAT,0.7640577812494691,2410.88
mFABP4,TCCTCGAAGGTTTACAAAATGTGTGATGCCTTTGTGGGAACCTGGAAGCTTGTCTCCAGTGAAAACTTCGATGATTACA,0.9178626085115129,3445.67
mGM-sg1,TAGACACTGTCAATTCCGTCATACTTCACCAAATAAAGAGAAGGGTTTGTTGGCAGTTGACCTAGAATGATGGCCTTCC,0.9252870078502482,2847.2499999999995
mGM-sg2,GAGGCGAGATCAGGTGATGACAATGACTTCTTAATAGGTTCCTGGGTGCAGTACACCAGAGATGATGGATCCAAAAAGT,0.965913099701324,838.7399999999999
mGpbar1,GAGCAGCCCGGCTAGTAGTAGGCTTAGGAAGAAGCAGCCAGCAGGTGGGCTGCGCAAGTGGCGGTCCAGGGCGATGCCT,0.9399811316574241,2404.72
mH2AB1-sg1,CCGAGCTGGGGCGGCCAGACGCCGAGTACTGGAACAGCCAGCCGGAGATCCTGGAGCGAACGCGGGCCGAGCTGGACAC,0.9593561555934035,3036.12
mH2AB1-sg2,CAGAGGGCAGCTGGGCCTCATGAGGCAAAGGGCAGAGGGCAGAGGTGAGACAGGAGGGAGACTCCAAGGAGGCGCTAGG,0.9271249469478818,961.2699999999999
mH2D1-sg1,ACATAGCCGACAGAGATGTACCGGGGCTCCTCGAGGCCGGGCCGGGACACGGCGGTCTCGAAATACCGCATCGAGTGTG,0.8348591904013997,513.3
mH2D1-sg2,GCAGGTTCCTCAGGCTCACTCGGAACCACTGCTCTTGGCCCTTGGCTTTCTGTGTTTCCCGCTCCCAATACTCCGGCCC,0.8413770705645031,2015.28
mH2K1-sg2,CCCACACTCGCTGAGGTATTTCGTCACCGCCGTGTCCCGGCCCGGCCTCGGGGAGCCCCGGTACATGGAAGTCGGCTAC,0.660882804490571,508.4699999999999
mH2K1-sg3,GGGTTTCTTCTTCCCCAGGACTGAGCCCCAGCCCGAGGGCAGAGGGAGGAGCTGCCCGCGGCCCCTGCACCTGTGCGCA,0.5633471007723596,44.82
mHCAR2,GATTTCCAGGACTTGAGGTGGAAACAGAAAATCCACAAGGCAAGGCCATTGCCCAGGAGTCCGAACACAAATTCCAGCC,0.8645380946421357,1800.8
mHSP90,ATGTGCAGCTCCTTCCCCGAGTCCAGTTTACTGGGGTCCGTCAGGCTCTCGTAACGGATTTTATCCAGAGCCTATTAAG,0.9322363779526274,1371.47
mHV5-sg2,ACTAAGAATCTGTGTGATGGTGTTGGTGGAGTCCCTGGATGATGGGATAGGGACTTTGGAGGCTCATTTGAAGAAGATG,0.2617569603726155,1225.98
mHV5-sg6,CCTAGACAGTTTATTTCCCAACTTCTCTCAGCCGGCTCCCTCAGGGACAAATATCCAAGATTAGTCTGCAATGCTCAGA,0.6196610663223766,4192.93
mHV5-sg7,GGTGAGTCCTGCATCTGGGGACTGTGGGGTTCAGGTGGCCTAAGGCAGGATGTGGAGAGAGTTTTAGTATAGGAACAGA,0.8536153693187297,1456.05
mIL21R,TCACTTGCTACACTGACTACCTCTGGACCATCACCTGTGTCCTGGAGACACGGAGCCCCAACCCCAGCATACTCAGTCT,0.9491843468746943,1828.5700000000002
mIL2rg,AGCTCCACCCTGCCCTCAGCAGGAGCAGCTGAAGGACTAAGAAGGATCTAGGTGACAATAATAGTTTCAACATGGTGCT,0.9920083769798781,700.0
mIL5,AGGATGCTTCTGCACTTGAGTGTTCTGACTCTCAGCTGTGTCTGGGCCACTGCCATGGAGATTCCCATGAGCACAGTGG,0.7940045237512665,1900.38
mIL6,ATTCCAGAAACCGCTATGAAGTTCCTCTCTGCAAGTAAGTGAAGGCAGTTCCTTGCCCTCTGGCGGAGCTATTGAGACT,0.7066393669623818,2007.84
mIL7,CAGTCATCATGACTACACCCACCTCCCGCAGACCATGTTCCATGGTAAGCGCTGCTCTCTGGTGCGCACAAGTAGGTGC,0.9735749730780534,1900.0
mKat2a,AGCTCTCAAAGATGTTCCTGCTCTGCCTTAACTACTGGAAGCTGGAGACCCCTGCTCAATTCCGGCAGCGGTCCCAGTC,0.9050303325752996,4834.85
mKif27,CAACTTGGCACACACTTATTGTGAAAATAGCGTGGGATCTACTGGAGTGCTCGTTCATCTGGGTGGTGCCTGTGTGCCT,0.6459608480678751,2813.6700000000005
mMMRN1,GGAGGCTCAGTATTTCACTTACAGAAGCTGAAGCGGGGTTCGGGGTCAGTGAGGCGTCTTCATCCTTAGGCGCAGTCCA,0.9695804653826707,358.96
mMTAP,ACAACAGACTGGTAGGAACTTGGCGTTTGAAGCTACAGCTCAGGGAAAGGAGTTTAGATTTCTAATGATCGACATTATC,0.937763393274204,1606.8799999999999
mMettl14-sg1,TCCAAATAAAGCTGACATACCTACATCCCTGATGAAATTCTGAGGTCTGTGTCCAGTGTCTACAAAATGTTGGCAGTAA,0.9077962894929588,7428.46
mMettl14-sg2,CGGATAGCATTGGTGCTGTGTTAAATAGCAAAGATGAACAGAGGGAGATTGCTGAAACCAGAGAAACCTGCAGGTATGC,0.8789342992037353,2623.6499999999996
mMrgpra,AACAGCACCAGTGACAACAAATCCAATGGACGAAACCCTCCCTGGAAGTATCAACATTAGGATTCTGATCCCAAAATTG,0.9767658576132211,620.88
mNAT2,GTCTCCAGGTTAATCATCTGCTGTACTGGGCTCTGACCAAACTGGGCTTTGAAACCACAATGCTGGGAGGATATGTCTT,0.9630992527835662,6626.499999999999
mPDL1,AAATGCTGCCCTTCAGATCACAGACGTCAAGCTGCAGGACGCAGGCGTTTACTGCTGCATAATCAGCTACGGTGGTGCG,0.9691453924030357,2510.96
mRNASE1,ATGTGCTGCCGCTGAAACTTCTGTGCTGCAGATTCCCTGCCCAGGGAAGGCTGGACCCATCCAAGCAGCAGGACAAACA,0.9846156912508814,4000.0000000000005
mRag1,TAAAACAGATGTCACAGGACGGTGTGTGGGGGTGCCACTCCACGGTCACTTTCCTTGGGAAGTAGACCTGACTGTGGGA,0.9376379855641925,723.58
mRagKO-sg1-4--0375,CAAGCTGATGAATTAGAGGCCATCATGCAAGGCAGGGGCTCCGGGCTTCAACCAGCTGTTTGCTTGGCCATCCGTGTCA,0.9724602578340265,900.0
mSRY,AGCTGCTTGCTGATCTCTGTATTTTGCATGCTGGGATTCTGCTGGGCCAACTTGTGCCTCTCACCACGGGACCACACCA,0.9851988551400925,7947.68
mSTARD10,GCTCACAGGAATAATATCCTACGTCAGCGTTGACAGTCAAGCGGGCGATGTCGAAAGTCTCAATGACATTACTGTCCCA,0.9063461651553922,2303.41
mSTK4-sg2,CCTTGCCATGGAAAAGTACCACGTTTTGGAGATGATTGGAGAAGGCTCTTTTGGGAGAGTGTATAAGGGCCGAAAAAAA,0.8441456804290217,2955.2099999999996
mSTK4-sg3,TCAGCTCTTTCTCTGAGCGCCCCAGTTTGGGGATGAACTTCAAGGCCACCACCTGCCAGTGGTAAAGTGAAGAGTCAAG,0.9728947830477889,627.1799999999998
mSlc7a10,ACACTCGGGCTCCGTGGGTTTGGCCCTCTTCGTCTGGGTCCTGGGTGGGGGCGTGACAGCTCTGGGCTCTCTCTGCTAT,0.9191017439503831,8442.670000000002
mSorl1,GCCAGCAAGACCAATGTGTACATCTCTAGCAGTGCTGGAGCCAGGTGGAGAGAGGTCAGTTCCTGGTCCCGGAGCTTTT,0.9572298683934376,9700.97
mTPO,ATTGCCATAGCTCCAAGTGTTCTCATTCTAGAGCTGAAGTGGTGGAAGAGATAATCAGATAGTCAGCAGAGTACTGTGG,0.7481661642414946,977.4000000000001
mTTN-sg7,AAAAATGCTGCCTTGATTTCTTCACATGGATGGAGCTGTGTGTGGACTGAATCACAGAAGGCTGTGGGAATTATTCAGG,0.8195117366143329,1114.38
mTTN-sg9,TTAGAATTGCAAATTTCACATTGAATTTGAAATCATTCCCCAGGGAAATCTTTATAGAAAAGAAAATTCTAGATCCTAA,0.9781594562504312,500.0
mULK4-sg2,CTCTCACGACATCTTCTGGGAGGTTTTCGTCCTGAGCAATCACGGTTTCTAGAGAACCACCTACAGGAATTGAGCTCGG,0.6649400407025572,178.98000000000002
pAPN,TTTCCAAGGCCCTGGGCATCCTGGGCATCCTCCTCGGCGTGGCGGCCGTGGCCACCATCATCGCTCTGTCTGTGGTGTA,0.9368911020487224,2048.5
pCD163,GAGGGAATGAGTCAGCTCTCTGGGACTGCAAACATGATGGATGGGGAAAGCATAACTGTACTCACCAACAGGATGCTGG,0.9596727006518369,1699.5
pGHR,TCCAGTGGCATGAAAAAGTCTCTAGTTCAGGTGAACGGCACTTGGTGAATTTAGGCTTTCCAGAAGAATCTGCCGAATA,0.8701129375650957,2272.5
pPRDM14,CAGGAGGCCCGACATCGCGTGGTGCAAGCGGGCTGGGTGCTGAGGGCTGGGAATGACCCCGTACAGAACTAAGTGCAGG,0.9305513665316992,1919.0
sSOCS2-sg83,AGATTAGTTGGTCCAGCTGATGTCTTAACAGATATTGTTAGTAGGTAGTCTGAATGCGAACTATCTCTAATCAAGAAAG,0.7365905805749375,880.0099999999998
sSOCS2-sg96,CAGTCTAAATTTCCCATCTTGGTATTCGATGCGAAGATTAGTTGGTCCAGCTGATGTCTTAACAGATATTGTTAGTAGG,0.7326556449516772,653.04
