,seq,count,IDL,idx,Identifier,ratio
0,CGCCGAAGAACGGAGGCGCAGGAGGAGAGGTGAAGAGGGCCCACCCTTGG,0.00086384,D29  -29,145.0,D29_L-30R0,0.0008638400004319201
1,CGCCGAAGAAGACGGAGGCGCAGGAGGAGAGGTGAAGAGGGCCCACCCTTGG,0.00096307,D27  -27,137.0,D27_L-28R0,0.0009630700004815351
2,CGCCGAAGAAGAGAGGCGCAGGAGGAGAGGTGAAGAGGGCCCACCCTTGG,0.00071659,D29  -27,,,0.0007165900003582951
3,CGCCGAAGAAGAGGAGGCGCAGGAGGAGAGGTGAAGAGGGCCCACCCTTGG,0.00100807,D28  -27,,,0.001008070000504035
4,CGCCGAAGAAGAGTCGGAGGCGCAGGAGGAGAGGTGAAGAGGGCCCACCCTTGG,0.00029145,D25  -27,,,0.0002914500001457251
5,CGCCGAAGAAGATAGGCGCAGGAGGAGAGGTGAAGAGGGCCCACCCTTGG,0.00168355,D29  -26,,,0.001683550000841775
6,CGCCGAAGAAGATCGGAGGCGCAGGAGGAGAGGTGAAGAGGGCCCACCCTTGG,0.00748494,D26  -26,132.0,D26_L-28C1R0,0.0074849400037424706
7,CGCCGAAGAAGATGAGGCGCAGGAGGAGAGGTGAAGAGGGCCCACCCTTGG,0.00853494,D28  -25,112.0,D28_L-27C1R3,0.00853494000426747
8,CGCCGAAGAAGATGCGGAGGCGCAGGAGGAGAGGTGAAGAGGGCCCACCCTTGG,0.00674622,D25  -25,148.0,D25_L-26R0,0.00674622000337311
9,CGCCGAAGAAGATGGAGGCGCAGGAGGAGAGGTGAAGAGGGCCCACCCTTGG,0.00572251,D27  -25,70.0,D27_L-27C1R2,0.005722510002861256
10,CGCCGAAGAAGATGGCGCAGGAGGAGAGGTGAAGAGGGCCCACCCTTGG,,,85.0,D30_L-27C1R5,Not Present
11,CGCCGAAGAAGATGGGAGGCGCAGGAGGAGAGGTGAAGAGGGCCCACCCTTGG,0.00679231,D26  -25,,,0.006792310003396156
12,CGCCGAAGAAGATGGGCGCAGGAGGAGAGGTGAAGAGGGCCCACCCTTGG,0.00356967,D29  -25,,,0.0035696700017848353
13,CGCCGAAGAAGATGGTCGGAGGCGCAGGAGGAGAGGTGAAGAGGGCCCACCCTTGG,0.00121404,D23  -25,,,0.0012140400006070203
14,CGCCGAAGAAGATGTAGGCGCAGGAGGAGAGGTGAAGAGGGCCCACCCTTGG,0.00704754,D27  -24,,,0.00704754000352377
15,CGCCGAAGAAGATGTCAGGCGCAGGAGGAGAGGTGAAGAGGGCCCACCCTTGG,0.00766667,D26  -23,,,0.007666670003833336
16,CGCCGAAGAAGATGTCCGCAGGAGGAGAGGTGAAGAGGGCCCACCCTTGG,0.00723747,D29  -23,,,0.007237470003618737
17,CGCCGAAGAAGATGTCCGGAGGCGCAGGAGGAGAGGTGAAGAGGGCCCACCCTTGG,0.01431438,D23  -23,166.0,D23_L-24R0,0.014314380007157191
18,CGCCGAAGAAGATGTCGAGGCGCAGGAGGAGAGGTGAAGAGGGCCCACCCTTGG,0.02264653,D25  -22,123.0,D25_L-24C1R3,0.022646530011323267
19,CGCCGAAGAAGATGTCGCAAGGCGCAGGAGGAGAGGTGAAGAGGGCCCACCCTTGG,0.00946494,D23  -20,,,0.009464940004732471
20,CGCCGAAGAAGATGTCGCACAGGAGGAGAGGTGAAGAGGGCCCACCCTTGG,0.01391883,D28  -20,204.0,D28_L-21R8,0.013918830006959418
21,CGCCGAAGAAGATGTCGCACGCAGGAGGAGAGGTGAAGAGGGCCCACCCTTGG,0.01849556,D26  -20,,,0.018495560009247784
22,CGCCGAAGAAGATGTCGCACGGAGGCGCAGGAGGAGAGGTGAAGAGGGCCCACCCTTGG,0.0216824,D20  -20,162.0,D20_L-21R0,0.021682400010841204
23,CGCCGAAGAAGATGTCGCAGAAGGAGAGGTGAAGAGGGCCCACCCTTGG,,,210.0,D30_L-19R12,Not Present
24,CGCCGAAGAAGATGTCGCAGAAGGAGGAGAGGTGAAGAGGGCCCACCCTTGG,0.02288896,D27  -18,,,0.02288896001144448
25,CGCCGAAGAAGATGTCGCAGACAGGAGAGGTGAAGAGGGCCCACCCTTGG,0.02056728,D29  -17,,,0.020567280010283642
26,CGCCGAAGAAGATGTCGCAGACAGGAGGAGAGGTGAAGAGGGCCCACCCTTGG,0.05232777,D26  -17,116.0,D26_L-19C1R9,0.0523277700261639
27,CGCCGAAGAAGATGTCGCAGACAGGCGCAGGAGGAGAGGTGAAGAGGGCCCACCCTTGG,0.00552615,D20  -17,,,0.005526150002763075
28,CGCCGAAGAAGATGTCGCAGACCAGGAGGAGAGGTGAAGAGGGCCCACCCTTGG,0.01112115,D25  -17,218.0,D25_L-18R8,0.011121150005560576
29,CGCCGAAGAAGATGTCGCAGACCGCAGGAGGAGAGGTGAAGAGGGCCCACCCTTGG,0.05422891,D23  -17,,,0.05422891002711446
30,CGCCGAAGAAGATGTCGCAGACCGGAGGCGCAGGAGGAGAGGTGAAGAGGGCCCACCCTTGG,0.04418547,D17  -17,164.0,D17_L-18R0,0.04418547002209274
31,CGCCGAAGAAGATGTCGCAGACGAAAGAGGTGAAGAGGGCCCACCCTTGG,0.00631859,D29  -14,,,0.0063185900031592955
32,CGCCGAAGAAGATGTCGCAGACGAAAGGAGAGGTGAAGAGGGCCCACCCTTGG,0.00593139,D26  -14,,,0.005931390002965695
33,CGCCGAAGAAGATGTCGCAGACGAAAGGAGGAGAGGTGAAGAGGGCCCACCCTTGG,0.0052526,D23  -14,,,0.0052526000026263
34,CGCCGAAGAAGATGTCGCAGACGAAAGGCGCAGGAGGAGAGGTGAAGAGGGCCCACCCTTGG,0.00944485,D17  -14,,,0.009444850004722425
35,CGCCGAAGAAGATGTCGCAGACGAACAGGAGGAGAGGTGAAGAGGGCCCACCCTTGG,0.01141749,D22  -14,,,0.011417490005708747
36,CGCCGAAGAAGATGTCGCAGACGAACGCAGGAGGAGAGGTGAAGAGGGCCCACCCTTGG,0.04179492,D20  -14,,,0.041794920020897464
37,CGCCGAAGAAGATGTCGCAGACGAACGGAGGCGCAGGAGGAGAGGTGAAGAGGGCCCACCCTTGG,0.11877041,D14  -14,110.0,D14_L-15R0,0.11877041005938521
38,CGCCGAAGAAGATGTCGCAGACGAAGAGAGGTGAAGAGGGCCCACCCTTGG,0.0635437,D28  -13,108.0,D28_L-15C1R15,0.06354370003177184
39,CGCCGAAGAAGATGTCGCAGACGAAGAGGAGAGGTGAAGAGGGCCCACCCTTGG,0.28690882,D25  -13,128.0,D25_L-15C1R12,0.2869088201434544
40,CGCCGAAGAAGATGTCGCAGACGAAGAGGAGGAGAGGTGAAGAGGGCCCACCCTTGG,0.017793,D22  -13,,,0.0177930000088965
41,CGCCGAAGAAGATGTCGCAGACGAAGAGGCGCAGGAGGAGAGGTGAAGAGGGCCCACCCTTGG,0.09856176,D16  -13,138.0,D16_L-15C1R3,0.0985617600492809
42,CGCCGAAGAAGATGTCGCAGACGAAGAGGTGAAGAGGGCCCACCCTTGG,,,80.0,D30_L-16C2R17,Not Present
43,CGCCGAAGAAGATGTCGCAGACGAAGCAGGAGGAGAGGTGAAGAGGGCCCACCCTTGG,0.14411824,D21  -13,91.0,D21_L-15C1R8,0.14411824007205914
44,CGCCGAAGAAGATGTCGCAGACGAAGCGCAGGAGGAGAGGTGAAGAGGGCCCACCCTTGG,0.10252124,D19  -13,98.0,D19_L-15C1R6,0.10252124005126063
45,CGCCGAAGAAGATGTCGCAGACGAAGCGGAGGCGCAGGAGGAGAGGTGAAGAGGGCCCACCCTTGG,0.07497165,D13  -13,144.0,D13_L-14R0,0.07497165003748583
46,CGCCGAAGAAGATGTCGCAGACGAAGGAAGAGGTGAAGAGGGCCCACCCTTGG,0.02714664,D26  -11,,,0.027146640013573323
47,CGCCGAAGAAGATGTCGCAGACGAAGGAAGGAGAGGTGAAGAGGGCCCACCCTTGG,0.0171113,D23  -11,,,0.017111300008555652
48,CGCCGAAGAAGATGTCGCAGACGAAGGAAGGAGGAGAGGTGAAGAGGGCCCACCCTTGG,0.01241684,D20  -11,,,0.012416840006208421
49,CGCCGAAGAAGATGTCGCAGACGAAGGAAGGCGCAGGAGGAGAGGTGAAGAGGGCCCACCCTTGG,0.04833256,D14  -11,,,0.04833256002416628
50,CGCCGAAGAAGATGTCGCAGACGAAGGAAGGTGAAGAGGGCCCACCCTTGG,0.00657921,D28  -11,,,0.006579210003289607
51,CGCCGAAGAAGATGTCGCAGACGAAGGACAGGAGGAGAGGTGAAGAGGGCCCACCCTTGG,0.02729021,D19  -11,,,0.027290210013645105
52,CGCCGAAGAAGATGTCGCAGACGAAGGACGCAGGAGGAGAGGTGAAGAGGGCCCACCCTTGG,0.01529133,D17  -11,198.0,D17_L-12R6,0.015291330007645668
53,CGCCGAAGAAGATGTCGCAGACGAAGGACGGAGGCGCAGGAGGAGAGGTGAAGAGGGCCCACCCTTGG,0.19792799,D11  -11,55.0,D11_L-12R0,0.197927990098964
54,CGCCGAAGAAGATGTCGCAGACGAAGGAGAGAGGTGAAGAGGGCCCACCCTTGG,0.09504411,D25  -10,125.0,D25_L-12C1R15,0.09504411004752207
55,CGCCGAAGAAGATGTCGCAGACGAAGGAGAGGAGAGGTGAAGAGGGCCCACCCTTGG,0.19536041,D22  -10,135.0,D22_L-12C1R12,0.19536041009768024
56,CGCCGAAGAAGATGTCGCAGACGAAGGAGAGGAGGAGAGGTGAAGAGGGCCCACCCTTGG,0.01071293,D19  -10,,,0.010712930005356468
57,CGCCGAAGAAGATGTCGCAGACGAAGGAGAGGCGCAGGAGGAGAGGTGAAGAGGGCCCACCCTTGG,0.27180607,D13  -10,142.0,D13_L-12C1R3,0.2718060701359031
58,CGCCGAAGAAGATGTCGCAGACGAAGGAGAGGTGAAGAGGGCCCACCCTTGG,0.23984983,D27  -10,18.0,D27_L-16C5R17,0.23984983011992494
59,CGCCGAAGAAGATGTCGCAGACGAAGGAGAGGTGAAGAGGGCCCACCCTTGG,0.03564579,D27  -15,18.0,D27_L-16C5R17,0.03564579001782289
60,CGCCGAAGAAGATGTCGCAGACGAAGGAGCAGGAGGAGAGGTGAAGAGGGCCCACCCTTGG,0.87888718,D18  -10,72.0,D18_L-12C1R8,0.8788871804394437
61,CGCCGAAGAAGATGTCGCAGACGAAGGAGCGCAGGAGGAGAGGTGAAGAGGGCCCACCCTTGG,0.03361872,D16  -10,119.0,D16_L-12C1R6,0.033618720016809364
62,CGCCGAAGAAGATGTCGCAGACGAAGGAGCGGAGGCGCAGGAGGAGAGGTGAAGAGGGCCCACCCTTGG,0.27048069,D10  -10,59.0,D10_L-11R0,0.2704806901352404
63,CGCCGAAGAAGATGTCGCAGACGAAGGAGGAGAGGTGAAGAGGGCCCACCCTTGG,0.98596253,D24  -9,14.0,D24_L-16C6R15,0.9859625304929814
64,CGCCGAAGAAGATGTCGCAGACGAAGGAGGAGAGGTGAAGAGGGCCCACCCTTGG,0.19151109,D24  -14,14.0,D24_L-16C6R15,0.19151109009575557
65,CGCCGAAGAAGATGTCGCAGACGAAGGAGGAGAGGTGAAGAGGGCCCACCCTTGG,0.04313393,D24  -15,14.0,D24_L-16C6R15,0.04313393002156697
66,CGCCGAAGAAGATGTCGCAGACGAAGGAGGAGGAGAGGTGAAGAGGGCCCACCCTTGG,0.56725775,D21  -9,31.0,D21_L-13C3R12,0.567257750283629
67,CGCCGAAGAAGATGTCGCAGACGAAGGAGGAGGAGGAGAGGTGAAGAGGGCCCACCCTTGG,0.02772225,D18  -9,,,0.027722250013861128
68,CGCCGAAGAAGATGTCGCAGACGAAGGAGGAGGCGCAGGAGGAGAGGTGAAGAGGGCCCACCCTTGG,1.33494743,D12  -9,8.0,D12_L-12C2R3,1.3349474306674738
69,CGCCGAAGAAGATGTCGCAGACGAAGGAGGAGGTGAAGAGGGCCCACCCTTGG,0.05838186,D26  -9,167.0,D26_L-11C1R17,0.058381860029190935
70,CGCCGAAGAAGATGTCGCAGACGAAGGAGGCAGAGGTGAAGAGGGCCCACCCTTGG,0.03244077,D23  -8,,,0.032440770016220394
71,CGCCGAAGAAGATGTCGCAGACGAAGGAGGCAGGAGAGGTGAAGAGGGCCCACCCTTGG,0.04778849,D20  -8,,,0.04778849002389425
72,CGCCGAAGAAGATGTCGCAGACGAAGGAGGCAGGAGGAGAGGTGAAGAGGGCCCACCCTTGG,0.53448109,D17  -8,47.0,D17_L-11C2R9,0.5344810902672406
73,CGCCGAAGAAGATGTCGCAGACGAAGGAGGCAGGCGCAGGAGGAGAGGTGAAGAGGGCCCACCCTTGG,0.01535889,D11  -8,190.0,D11_L-9R3,0.015358890007679447
74,CGCCGAAGAAGATGTCGCAGACGAAGGAGGCAGGTGAAGAGGGCCCACCCTTGG,0.0087946,D25  -8,,,0.0087946000043973
75,CGCCGAAGAAGATGTCGCAGACGAAGGAGGCCAGGAGGAGAGGTGAAGAGGGCCCACCCTTGG,0.01314707,D16  -8,,,0.013147070006573537
76,CGCCGAAGAAGATGTCGCAGACGAAGGAGGCCGCAGGAGGAGAGGTGAAGAGGGCCCACCCTTGG,0.03011542,D14  -8,,,0.030115420015057712
77,CGCCGAAGAAGATGTCGCAGACGAAGGAGGCCGGAGGCGCAGGAGGAGAGGTGAAGAGGGCCCACCCTTGG,0.1908702,D8  -8,82.0,D8_L-9R0,0.19087020009543512
78,CGCCGAAGAAGATGTCGCAGACGAAGGAGGCGAAGAGGGCCCACCCTTGG,0.04592499,D29  -7,158.0,D29_L-9C1R22,0.0459249900229625
79,CGCCGAAGAAGATGTCGCAGACGAAGGAGGCGAGAGGTGAAGAGGGCCCACCCTTGG,0.06057609,D22  -7,113.0,D22_L-9C1R15,0.060576090030288056
80,CGCCGAAGAAGATGTCGCAGACGAAGGAGGCGAGGAGAGGTGAAGAGGGCCCACCCTTGG,0.09026597,D19  -7,115.0,D19_L-9C1R12,0.090265970045133
81,CGCCGAAGAAGATGTCGCAGACGAAGGAGGCGAGGAGGAGAGGTGAAGAGGGCCCACCCTTGG,0.02383328,D16  -7,,,0.02383328001191664
82,CGCCGAAGAAGATGTCGCAGACGAAGGAGGCGAGGCGCAGGAGGAGAGGTGAAGAGGGCCCACCCTTGG,0.18869692,D10  -7,61.0,D10_L-9C1R3,0.1886969200943485
83,CGCCGAAGAAGATGTCGCAGACGAAGGAGGCGAGGTGAAGAGGGCCCACCCTTGG,0.33873507,D24  -7,141.0,D24_L-9C1R17,0.3387350701693676
84,CGCCGAAGAAGATGTCGCAGACGAAGGAGGCGCAAGAGGGCCCACCCTTGG,0.02259114,D28  -6,,,0.02259114001129557
85,CGCCGAAGAAGATGTCGCAGACGAAGGAGGCGCAGAGGGCCCACCCTTGG,0.01079033,D29  -6,,,0.010790330005395168
86,CGCCGAAGAAGATGTCGCAGACGAAGGAGGCGCAGAGGTGAAGAGGGCCCACCCTTGG,0.13226512,D21  -6,,,0.13226512006613259
87,CGCCGAAGAAGATGTCGCAGACGAAGGAGGCGCAGGAGAGGTGAAGAGGGCCCACCCTTGG,0.11116635,D18  -6,202.0,D18_L-7R12,0.11116635005558317
88,CGCCGAAGAAGATGTCGCAGACGAAGGAGGCGCAGGAGGAGAGGTGAAGAGGGCCCACCCTTGG,4.05058843,D15  -6,1.0,D15_L-15C8R9,4.050588432025295
89,CGCCGAAGAAGATGTCGCAGACGAAGGAGGCGCAGGAGGAGAGGTGAAGAGGGCCCACCCTTGG,0.77103559,D15  -12,1.0,D15_L-15C8R9,0.7710355903855178
90,CGCCGAAGAAGATGTCGCAGACGAAGGAGGCGCAGGAGGAGAGGTGAAGAGGGCCCACCCTTGG,0.10550119,D15  -13,1.0,D15_L-15C8R9,0.1055011900527506
91,CGCCGAAGAAGATGTCGCAGACGAAGGAGGCGCAGGAGGAGAGGTGAAGAGGGCCCACCCTTGG,0.05055623,D15  -14,1.0,D15_L-15C8R9,0.05055623002527812
92,CGCCGAAGAAGATGTCGCAGACGAAGGAGGCGCAGGAGGAGAGGTGAAGAGGGCCCACCCTTGG,0.02022214,D15  -11,1.0,D15_L-15C8R9,0.020222140010111075
93,CGCCGAAGAAGATGTCGCAGACGAAGGAGGCGCAGGCGCAGGAGGAGAGGTGAAGAGGGCCCACCCTTGG,0.09816632,D9  -6,177.0,D9_L-7R3,0.09816632004908317
94,CGCCGAAGAAGATGTCGCAGACGAAGGAGGCGCAGGTGAAGAGGGCCCACCCTTGG,0.00722882,D23  -6,,,0.007228820003614411
95,CGCCGAAGAAGATGTCGCAGACGAAGGAGGCGCCAGGAGGAGAGGTGAAGAGGGCCCACCCTTGG,0.00989834,D14  -6,,,0.009898340004949172
96,CGCCGAAGAAGATGTCGCAGACGAAGGAGGCGCCGCAGGAGGAGAGGTGAAGAGGGCCCACCCTTGG,0.02235485,D12  -6,171.0,D12_L-7R6,0.022354850011177426
97,CGCCGAAGAAGATGTCGCAGACGAAGGAGGCGCCGGAGGCGCAGGAGGAGAGGTGAAGAGGGCCCACCCTTGG,0.22112941,D6  -6,42.0,D6_L-7R0,0.22112941011056472
98,CGCCGAAGAAGATGTCGCAGACGAAGGAGGCGCGAAGAGGGCCCACCCTTGG,0.01649311,D27  -6,,,0.016493110008246555
99,CGCCGAAGAAGATGTCGCAGACGAAGGAGGCGCGAGAGGTGAAGAGGGCCCACCCTTGG,0.00289299,D20  -6,209.0,D20_L-7R14,0.002892990001446495
100,CGCCGAAGAAGATGTCGCAGACGAAGGAGGCGCGAGGAGAGGTGAAGAGGGCCCACCCTTGG,0.05574441,D17  -6,200.0,D17_L-7R11,0.05574441002787221
101,CGCCGAAGAAGATGTCGCAGACGAAGGAGGCGCGAGGCGCAGGAGGAGAGGTGAAGAGGGCCCACCCTTGG,0.01564862,D8  -6,172.0,D8_L-7R2,0.01564862000782431
102,CGCCGAAGAAGATGTCGCAGACGAAGGAGGCGCGAGGTGAAGAGGGCCCACCCTTGG,0.00435669,D22  -6,,,0.004356690002178346
103,CGCCGAAGAAGATGTCGCAGACGAAGGAGGCGCGCAGGAGGAGAGGTGAAGAGGGCCCACCCTTGG,0.2416762,D13  -6,32.0,D13_L-9C2R7,0.24167620012083812
104,CGCCGAAGAAGATGTCGCAGACGAAGGAGGCGCGCGCAGGAGGAGAGGTGAAGAGGGCCCACCCTTGG,0.03651907,D11  -6,208.0,D11_L-7R5,0.03651907001825954
105,CGCCGAAGAAGATGTCGCAGACGAAGGAGGCGCGGAGAGGTGAAGAGGGCCCACCCTTGG,0.01804233,D19  -6,201.0,D19_L-7R13,0.018042330009021168
106,CGCCGAAGAAGATGTCGCAGACGAAGGAGGCGCGGAGGAGAGGTGAAGAGGGCCCACCCTTGG,0.01734765,D16  -6,,,0.017347650008673825
107,CGCCGAAGAAGATGTCGCAGACGAAGGAGGCGCGGAGGCGCAGGAGGAGAGGTGAAGAGGGCCCACCCTTGG,0.81396171,D7  -6,27.0,D7_L-8C1R1,0.8139617104069808
108,CGCCGAAGAAGATGTCGCAGACGAAGGAGGCGCGGCGCAGGAGGAGAGGTGAAGAGGGCCCACCCTTGG,0.02790768,D10  -6,182.0,D10_L-7R4,0.027907680013953846
109,CGCCGAAGAAGATGTCGCAGACGAAGGAGGCGCGGTGAAGAGGGCCCACCCTTGG,0.83815891,D24  -6,,,0.8381589104190795
110,CGCCGAAGAAGATGTCGCAGACGAAGGAGGCGCGTCGGAGGCGCAGGAGGAGAGGTGAAGAGGGCCCACCCTTGG,0.01316355,D4  -6,,,0.013163550006581776
111,CGCCGAAGAAGATGTCGCAGACGAAGGAGGCGCGTGAAGAGGGCCCACCCTTGG,0.00587533,D25  -6,,,0.0058753300029376655
112,CGCCGAAGAAGATGTCGCAGACGAAGGAGGCGCTAAGAGGGCCCACCCTTGG,0.00837469,D27  -5,,,0.008374690004187346
113,CGCCGAAGAAGATGTCGCAGACGAAGGAGGCGCTAGAGGGCCCACCCTTGG,0.00720739,D28  -5,,,0.0072073900036036965
114,CGCCGAAGAAGATGTCGCAGACGAAGGAGGCGCTAGAGGTGAAGAGGGCCCACCCTTGG,0.0085789,D20  -5,,,0.008578900004289451
115,CGCCGAAGAAGATGTCGCAGACGAAGGAGGCGCTAGGAGAGGTGAAGAGGGCCCACCCTTGG,0.00506395,D17  -5,205.0,D17_L-6R12,0.005063950002531976
116,CGCCGAAGAAGATGTCGCAGACGAAGGAGGCGCTAGGAGGAGAGGTGAAGAGGGCCCACCCTTGG,0.00705194,D14  -5,,,0.00705194000352597
117,CGCCGAAGAAGATGTCGCAGACGAAGGAGGCGCTAGGCGCAGGAGGAGAGGTGAAGAGGGCCCACCCTTGG,0.01001235,D8  -5,203.0,D8_L-6R3,0.010012350005006176
118,CGCCGAAGAAGATGTCGCAGACGAAGGAGGCGCTAGGTGAAGAGGGCCCACCCTTGG,0.02015372,D22  -5,,,0.020153720010076863
119,CGCCGAAGAAGATGTCGCAGACGAAGGAGGCGCTCAGGAGGAGAGGTGAAGAGGGCCCACCCTTGG,0.20276403,D13  -5,187.0,D13_L-6R8,0.20276403010138205
120,CGCCGAAGAAGATGTCGCAGACGAAGGAGGCGCTCGCAGGAGGAGAGGTGAAGAGGGCCCACCCTTGG,0.01553724,D11  -5,193.0,D11_L-6R6,0.015537240007768623
121,CGCCGAAGAAGATGTCGCAGACGAAGGAGGCGCTCGGAGGCGCAGGAGGAGAGGTGAAGAGGGCCCACCCTTGG,0.65064542,D5  -5,34.0,D5_L-7C1R0,0.6506454203253229
122,CGCCGAAGAAGATGTCGCAGACGAAGGAGGCGCTGAAGAGGGCCCACCCTTGG,0.39196874,D26  -5,175.0,D26_L-7C1R21,0.3919687401959844
123,CGCCGAAGAAGATGTCGCAGACGAAGGAGGCGCTGAGAGGTGAAGAGGGCCCACCCTTGG,0.01304502,D19  -5,194.0,D19_L-6R14,0.013045020006522511
124,CGCCGAAGAAGATGTCGCAGACGAAGGAGGCGCTGAGGAGAGGTGAAGAGGGCCCACCCTTGG,0.01502239,D16  -5,207.0,D16_L-6R11,0.015022390007511197
125,CGCCGAAGAAGATGTCGCAGACGAAGGAGGCGCTGAGGCGCAGGAGGAGAGGTGAAGAGGGCCCACCCTTGG,0.03916617,D7  -5,139.0,D7_L-6R2,0.03916617001958309
126,CGCCGAAGAAGATGTCGCAGACGAAGGAGGCGCTGAGGGCCCACCCTTGG,0.00543775,D29  -5,,,0.005437750002718875
127,CGCCGAAGAAGATGTCGCAGACGAAGGAGGCGCTGAGGTGAAGAGGGCCCACCCTTGG,0.0266922,D21  -5,,,0.0266922000133461
128,CGCCGAAGAAGATGTCGCAGACGAAGGAGGCGCTGCAGGAGGAGAGGTGAAGAGGGCCCACCCTTGG,0.00942939,D12  -5,179.0,D12_L-6R7,0.009429390004714697
129,CGCCGAAGAAGATGTCGCAGACGAAGGAGGCGCTGCGCAGGAGGAGAGGTGAAGAGGGCCCACCCTTGG,0.02893431,D10  -5,199.0,D10_L-6R5,0.028934310014467158
130,CGCCGAAGAAGATGTCGCAGACGAAGGAGGCGCTGGAGAGGTGAAGAGGGCCCACCCTTGG,0.06321831,D18  -5,217.0,D18_L-6R13,0.06321831003160916
131,CGCCGAAGAAGATGTCGCAGACGAAGGAGGCGCTGGAGGAGAGGTGAAGAGGGCCCACCCTTGG,2.03964592,D15  -5,214.0,D15_L-6R10,2.039645921019823
132,CGCCGAAGAAGATGTCGCAGACGAAGGAGGCGCTGGAGGCGCAGGAGGAGAGGTGAAGAGGGCCCACCCTTGG,0.09066445,D6  -5,105.0,D6_L-6R1,0.09066445004533223
133,CGCCGAAGAAGATGTCGCAGACGAAGGAGGCGCTGGCGCAGGAGGAGAGGTGAAGAGGGCCCACCCTTGG,0.06660812,D9  -5,211.0,D9_L-6R4,0.06660812003330407
134,CGCCGAAGAAGATGTCGCAGACGAAGGAGGCGCTGGTGAAGAGGGCCCACCCTTGG,0.00401061,D23  -5,,,0.004010610002005306
135,CGCCGAAGAAGATGTCGCAGACGAAGGAGGCGCTGTCGGAGGCGCAGGAGGAGAGGTGAAGAGGGCCCACCCTTGG,0.02793724,D3  -5,,,0.02793724001396862
136,CGCCGAAGAAGATGTCGCAGACGAAGGAGGCGCTGTGAAGAGGGCCCACCCTTGG,0.01990392,D24  -5,,,0.01990392000995196
137,CGCCGAAGAAGATGTCGCAGACGAAGGAGGCGCTTAAGAGGGCCCACCCTTGG,0.03213261,D26  -4,,,0.03213261001606631
138,CGCCGAAGAAGATGTCGCAGACGAAGGAGGCGCTTAGAGGGCCCACCCTTGG,0.00912903,D27  -4,,,0.009129030004564517
139,CGCCGAAGAAGATGTCGCAGACGAAGGAGGCGCTTAGAGGTGAAGAGGGCCCACCCTTGG,0.0086872,D19  -4,,,0.008687200004343601
140,CGCCGAAGAAGATGTCGCAGACGAAGGAGGCGCTTAGGAGAGGTGAAGAGGGCCCACCCTTGG,0.00753221,D16  -4,173.0,D16_L-5R12,0.0075322100037661065
141,CGCCGAAGAAGATGTCGCAGACGAAGGAGGCGCTTAGGAGGAGAGGTGAAGAGGGCCCACCCTTGG,0.04643073,D13  -4,,,0.04643073002321537
142,CGCCGAAGAAGATGTCGCAGACGAAGGAGGCGCTTAGGCGCAGGAGGAGAGGTGAAGAGGGCCCACCCTTGG,0.03588801,D7  -4,147.0,D7_L-5R3,0.035888010017944005
143,CGCCGAAGAAGATGTCGCAGACGAAGGAGGCGCTTAGGGCCCACCCTTGG,0.00631874,D29  -4,,,0.006318740003159371
144,CGCCGAAGAAGATGTCGCAGACGAAGGAGGCGCTTAGGTGAAGAGGGCCCACCCTTGG,0.00758513,D21  -4,221.0,D21_L-5R17,0.007585130003792566
145,CGCCGAAGAAGATGTCGCAGACGAAGGAGGCGCTTCAGGAGGAGAGGTGAAGAGGGCCCACCCTTGG,0.00918782,D12  -4,176.0,D12_L-5R8,0.00918782000459391
146,CGCCGAAGAAGATGTCGCAGACGAAGGAGGCGCTTCGCAGGAGGAGAGGTGAAGAGGGCCCACCCTTGG,0.01265356,D10  -4,178.0,D10_L-5R6,0.01265356000632678
147,CGCCGAAGAAGATGTCGCAGACGAAGGAGGCGCTTCGGAGGCGCAGGAGGAGAGGTGAAGAGGGCCCACCCTTGG,1.70560377,D4  -4,20.0,D4_L-6C1R0,1.705603770852802
148,CGCCGAAGAAGATGTCGCAGACGAAGGAGGCGCTTGAAGAGGGCCCACCCTTGG,0.01686411,D25  -4,185.0,D25_L-6C1R21,0.01686411000843206
149,CGCCGAAGAAGATGTCGCAGACGAAGGAGGCGCTTGAGAGGTGAAGAGGGCCCACCCTTGG,0.01875533,D18  -4,189.0,D18_L-5R14,0.018755330009377666
150,CGCCGAAGAAGATGTCGCAGACGAAGGAGGCGCTTGAGGAGAGGTGAAGAGGGCCCACCCTTGG,0.20581448,D15  -4,183.0,D15_L-5R11,0.20581448010290726
151,CGCCGAAGAAGATGTCGCAGACGAAGGAGGCGCTTGAGGCGCAGGAGGAGAGGTGAAGAGGGCCCACCCTTGG,0.02512318,D6  -4,81.0,D6_L-5R2,0.025123180012561593
152,CGCCGAAGAAGATGTCGCAGACGAAGGAGGCGCTTGAGGGCCCACCCTTGG,0.00670254,D28  -4,,,0.0067025400033512705
153,CGCCGAAGAAGATGTCGCAGACGAAGGAGGCGCTTGAGGTGAAGAGGGCCCACCCTTGG,0.00199725,D20  -4,,,0.001997250000998625
154,CGCCGAAGAAGATGTCGCAGACGAAGGAGGCGCTTGCAGGAGGAGAGGTGAAGAGGGCCCACCCTTGG,0.00622239,D11  -4,206.0,D11_L-5R7,0.006222390003111197
155,CGCCGAAGAAGATGTCGCAGACGAAGGAGGCGCTTGCGCAGGAGGAGAGGTGAAGAGGGCCCACCCTTGG,0.02365545,D9  -4,191.0,D9_L-5R5,0.023655450011827728
156,CGCCGAAGAAGATGTCGCAGACGAAGGAGGCGCTTGGAGAGGTGAAGAGGGCCCACCCTTGG,0.00503525,D17  -4,186.0,D17_L-5R13,0.005035250002517626
157,CGCCGAAGAAGATGTCGCAGACGAAGGAGGCGCTTGGAGGAGAGGTGAAGAGGGCCCACCCTTGG,0.00824805,D14  -4,196.0,D14_L-5R10,0.008248050004124026
158,CGCCGAAGAAGATGTCGCAGACGAAGGAGGCGCTTGGAGGCGCAGGAGGAGAGGTGAAGAGGGCCCACCCTTGG,0.20058999,D5  -4,71.0,D5_L-5R1,0.200589990100295
159,CGCCGAAGAAGATGTCGCAGACGAAGGAGGCGCTTGGCGCAGGAGGAGAGGTGAAGAGGGCCCACCCTTGG,0.02352823,D8  -4,181.0,D8_L-5R4,0.023528230011764118
160,CGCCGAAGAAGATGTCGCAGACGAAGGAGGCGCTTGGTGAAGAGGGCCCACCCTTGG,0.00449427,D22  -4,,,0.0044942700022471355
161,CGCCGAAGAAGATGTCGCAGACGAAGGAGGCGCTTGTCGGAGGCGCAGGAGGAGAGGTGAAGAGGGCCCACCCTTGG,0.06352229,D2  -4,,,0.06352229003176114
162,CGCCGAAGAAGATGTCGCAGACGAAGGAGGCGCTTGTGAAGAGGGCCCACCCTTGG,0.00146953,D23  -4,,,0.001469530000734765
163,CGCCGAAGAAGATGTCGCAGACGAAGGAGGCGCTTTAAGAGGGCCCACCCTTGG,0.00826275,D25  -3,,,0.008262750004131375
164,CGCCGAAGAAGATGTCGCAGACGAAGGAGGCGCTTTAGAGGGCCCACCCTTGG,0.00539448,D26  -3,,,0.005394480002697241
165,CGCCGAAGAAGATGTCGCAGACGAAGGAGGCGCTTTAGAGGTGAAGAGGGCCCACCCTTGG,0.01419198,D18  -3,,,0.01419198000709599
166,CGCCGAAGAAGATGTCGCAGACGAAGGAGGCGCTTTAGGAGAGGTGAAGAGGGCCCACCCTTGG,0.01089026,D15  -3,197.0,D15_L-4R12,0.010890260005445131
167,CGCCGAAGAAGATGTCGCAGACGAAGGAGGCGCTTTAGGAGGAGAGGTGAAGAGGGCCCACCCTTGG,0.03587576,D12  -3,195.0,D12_L-4R9,0.03587576001793788
168,CGCCGAAGAAGATGTCGCAGACGAAGGAGGCGCTTTAGGCGCAGGAGGAGAGGTGAAGAGGGCCCACCCTTGG,0.01253824,D6  -3,102.0,D6_L-4R3,0.012538240006269123
169,CGCCGAAGAAGATGTCGCAGACGAAGGAGGCGCTTTAGGGCCCACCCTTGG,0.01012277,D28  -3,,,0.010122770005061385
170,CGCCGAAGAAGATGTCGCAGACGAAGGAGGCGCTTTAGGTGAAGAGGGCCCACCCTTGG,0.00337603,D20  -3,,,0.003376030001688015
171,CGCCGAAGAAGATGTCGCAGACGAAGGAGGCGCTTTCAGGAGGAGAGGTGAAGAGGGCCCACCCTTGG,0.02198338,D11  -3,180.0,D11_L-4R8,0.021983380010991694
172,CGCCGAAGAAGATGTCGCAGACGAAGGAGGCGCTTTCGCAGGAGGAGAGGTGAAGAGGGCCCACCCTTGG,0.0303087,D9  -3,170.0,D9_L-4R6,0.030308700015154354
173,CGCCGAAGAAGATGTCGCAGACGAAGGAGGCGCTTTCGGAGGCGCAGGAGGAGAGGTGAAGAGGGCCCACCCTTGG,1.30894929,D3  -3,15.0,D3_L-5C1R0,1.3089492906544746
174,CGCCGAAGAAGATGTCGCAGACGAAGGAGGCGCTTTGAAGAGGGCCCACCCTTGG,0.24123912,D24  -2,58.0,D24_L-5C2R22,0.2412391201206196
175,CGCCGAAGAAGATGTCGCAGACGAAGGAGGCGCTTTGAGAGGGCCCACCCTTGG,0.00749542,D25  -2,192.0,D25_L-3R23,0.0074954200037477105
176,CGCCGAAGAAGATGTCGCAGACGAAGGAGGCGCTTTGAGAGGTGAAGAGGGCCCACCCTTGG,0.11509409,D17  -2,66.0,D17_L-4C1R15,0.11509409005754706
177,CGCCGAAGAAGATGTCGCAGACGAAGGAGGCGCTTTGAGGAGAGGTGAAGAGGGCCCACCCTTGG,0.14177372,D14  -2,67.0,D14_L-4C1R12,0.14177372007088687
178,CGCCGAAGAAGATGTCGCAGACGAAGGAGGCGCTTTGAGGAGGAGAGGTGAAGAGGGCCCACCCTTGG,0.01261666,D11  -2,169.0,D11_L-3R9,0.012616660006308332
179,CGCCGAAGAAGATGTCGCAGACGAAGGAGGCGCTTTGAGGCGCAGGAGGAGAGGTGAAGAGGGCCCACCCTTGG,0.49414246,D5  -2,24.0,D5_L-4C1R3,0.4941424602470713
180,CGCCGAAGAAGATGTCGCAGACGAAGGAGGCGCTTTGAGGGCCCACCCTTGG,0.07268403,D27  -2,126.0,D27_L-4C1R25,0.07268403003634202
181,CGCCGAAGAAGATGTCGCAGACGAAGGAGGCGCTTTGAGGTGAAGAGGGCCCACCCTTGG,0.03415306,D19  -2,130.0,D19_L-4C1R17,0.034153060017076534
182,CGCCGAAGAAGATGTCGCAGACGAAGGAGGCGCTTTGCAGGAGGAGAGGTGAAGAGGGCCCACCCTTGG,0.23968652,D10  -2,52.0,D10_L-4C1R8,0.23968652011984326
183,CGCCGAAGAAGATGTCGCAGACGAAGGAGGCGCTTTGCGCAGGAGGAGAGGTGAAGAGGGCCCACCCTTGG,0.14990781,D8  -2,45.0,D8_L-4C1R6,0.1499078100749539
184,CGCCGAAGAAGATGTCGCAGACGAAGGAGGCGCTTTGCGGAGGCGCAGGAGGAGAGGTGAAGAGGGCCCACCCTTGG,6.47598602,D2  -2,4.0,D2_L-3R0,6.4759860232379935
185,CGCCGAAGAAGATGTCGCAGACGAAGGAGGCGCTTTGGAAGAGGGCCCACCCTTGG,0.05862917,D23  -1,133.0,D23_L-3C1R22,0.058629170029314594
186,CGCCGAAGAAGATGTCGCAGACGAAGGAGGCGCTTTGGAGAGGGCCCACCCTTGG,0.01670534,D24  -1,,,0.016705340008352672
187,CGCCGAAGAAGATGTCGCAGACGAAGGAGGCGCTTTGGAGAGGTGAAGAGGGCCCACCCTTGG,0.30949242,D16  -1,22.0,D16_L-4C2R15,0.30949242015474626
188,CGCCGAAGAAGATGTCGCAGACGAAGGAGGCGCTTTGGAGGAGAGGTGAAGAGGGCCCACCCTTGG,1.01631221,D13  -1,21.0,D13_L-4C2R12,1.0163122105081561
189,CGCCGAAGAAGATGTCGCAGACGAAGGAGGCGCTTTGGAGGAGGAGAGGTGAAGAGGGCCCACCCTTGG,0.06336598,D10  -1,165.0,D10_L-2R9,0.063365980031683
190,CGCCGAAGAAGATGTCGCAGACGAAGGAGGCGCTTTGGAGGCGCAGGAGGAGAGGTGAAGAGGGCCCACCCTTGG,7.41936216,D4  -1,3.0,D4_L-4C2R3,7.419362163709682
191,CGCCGAAGAAGATGTCGCAGACGAAGGAGGCGCTTTGGAGGGCCCACCCTTGG,0.03262613,D26  -1,117.0,D26_L-3C1R25,0.03262613001631307
192,CGCCGAAGAAGATGTCGCAGACGAAGGAGGCGCTTTGGAGGTGAAGAGGGCCCACCCTTGG,0.38703767,D18  -1,106.0,D18_L-3C1R17,0.38703767019351887
193,CGCCGAAGAAGATGTCGCAGACGAAGGAGGCGCTTTGGCAGGAGGAGAGGTGAAGAGGGCCCACCCTTGG,0.15775867,D9  -1,40.0,D9_L-3C1R8,0.15775867007887934
194,CGCCGAAGAAGATGTCGCAGACGAAGGAGGCGCTTTGGCCCACCCTTGG,,,49.0,D30_L-4C2R29,Not Present
195,CGCCGAAGAAGATGTCGCAGACGAAGGAGGCGCTTTGGCGCAGGAGGAGAGGTGAAGAGGGCCCACCCTTGG,2.02416922,D7  -1,10.0,D7_L-4C2R6,2.024169221012085
196,CGCCGAAGAAGATGTCGCAGACGAAGGAGGCGCTTTGGCGGAGGCGCAGGAGGAGAGGTGAAGAGGGCCCACCCTTGG,3.26681384,D1  -1,11.0,D1_L-2R0,3.266813841633408
197,CGCCGAAGAAGATGTCGCAGACGAAGGAGGCGCTTTGGGAAGAGGGCCCACCCTTGG,0.01146104,D22  -1,,,0.011461040005730522
198,CGCCGAAGAAGATGTCGCAGACGAAGGAGGCGCTTTGGGAGAGGTGAAGAGGGCCCACCCTTGG,0.7603812,D15  -1,63.0,D15_L-3C1R14,0.7603812003801906
199,CGCCGAAGAAGATGTCGCAGACGAAGGAGGCGCTTTGGGAGGAGAGGTGAAGAGGGCCCACCCTTGG,0.29063308,D12  -1,62.0,D12_L-3C1R11,0.2906330801453165
200,CGCCGAAGAAGATGTCGCAGACGAAGGAGGCGCTTTGGGAGGCGCAGGAGGAGAGGTGAAGAGGGCCCACCCTTGG,0.33616321,D3  -1,12.0,D3_L-3C1R2,0.33616321016808165
201,CGCCGAAGAAGATGTCGCAGACGAAGGAGGCGCTTTGGGAGGGCCCACCCTTGG,0.00897837,D25  -1,,,0.008978370004489184
202,CGCCGAAGAAGATGTCGCAGACGAAGGAGGCGCTTTGGGAGGTGAAGAGGGCCCACCCTTGG,0.011022,D17  -1,,,0.011022000005511002
203,CGCCGAAGAAGATGTCGCAGACGAAGGAGGCGCTTTGGGCAGGAGGAGAGGTGAAGAGGGCCCACCCTTGG,0.03697652,D8  -1,154.0,D8_L-2R7,0.036976520018488265
204,CGCCGAAGAAGATGTCGCAGACGAAGGAGGCGCTTTGGGCCCACCCTTGG,0.01333155,D29  -1,48.0,D29_L-4C2R28,0.013331550006665777
205,CGCCGAAGAAGATGTCGCAGACGAAGGAGGCGCTTTGGGCGCAGGAGGAGAGGTGAAGAGGGCCCACCCTTGG,0.25785481,D6  -1,29.0,D6_L-3C1R5,0.2578548101289274
206,CGCCGAAGAAGATGTCGCAGACGAAGGAGGCGCTTTGGGGAGAGGTGAAGAGGGCCCACCCTTGG,0.04565778,D14  -1,223.0,D14_L-2R13,0.045657780022828894
207,CGCCGAAGAAGATGTCGCAGACGAAGGAGGCGCTTTGGGGAGGAGAGGTGAAGAGGGCCCACCCTTGG,0.0276201,D11  -1,216.0,D11_L-2R10,0.027620100013810052
208,CGCCGAAGAAGATGTCGCAGACGAAGGAGGCGCTTTGGGGAGGCGCAGGAGGAGAGGTGAAGAGGGCCCACCCTTGG,0.12183361,D2  -1,64.0,D2_L-2R1,0.12183361006091681
209,CGCCGAAGAAGATGTCGCAGACGAAGGAGGCGCTTTGGGGCCCACCCTTGG,0.00624261,D28  -1,143.0,D28_L-3C1R27,0.006242610003121305
210,CGCCGAAGAAGATGTCGCAGACGAAGGAGGCGCTTTGGGGCGCAGGAGGAGAGGTGAAGAGGGCCCACCCTTGG,0.09351337,D5  -1,149.0,D5_L-2R4,0.0935133700467567
211,CGCCGAAGAAGATGTCGCAGACGAAGGAGGCGCTTTGGGGGCCCACCCTTGG,0.01142466,D27  -1,,,0.011424660005712331
212,CGCCGAAGAAGATGTCGCAGACGAAGGAGGCGCTTTGGGGTGAAGAGGGCCCACCCTTGG,0.00587434,D19  -1,,,0.00587434000293717
213,CGCCGAAGAAGATGTCGCAGACGAAGGAGGCGCTTTGGGTGAAGAGGGCCCACCCTTGG,0.02322166,D20  -1,120.0,D20_L-3C1R19,0.023221660011610835
214,CGCCGAAGAAGATGTCGCAGACGAAGGAGGCGCTTTGGT A CGGAGGCGCAGGAGGAGAGGTGAAGAGGGCCCACCCTTGG,1.11348486,I1+A,,,1.1134848605567425
215,CGCCGAAGAAGATGTCGCAGACGAAGGAGGCGCTTTGGT AACGGAGGCGCAGGAGGAGAGGTGAAGAGGGCCCACCCTTGG,0.17257332,I2+AA,,,0.17257332008628667
216,CGCCGAAGAAGATGTCGCAGACGAAGGAGGCGCTTTGGT ACCGGAGGCGCAGGAGGAGAGGTGAAGAGGGCCCACCCTTGG,0.06728893,I2+AC,,,0.06728893003364447
217,CGCCGAAGAAGATGTCGCAGACGAAGGAGGCGCTTTGGT AGCGGAGGCGCAGGAGGAGAGGTGAAGAGGGCCCACCCTTGG,0.05482944,I2+AG,,,0.05482944002741472
218,CGCCGAAGAAGATGTCGCAGACGAAGGAGGCGCTTTGGT ATCGGAGGCGCAGGAGGAGAGGTGAAGAGGGCCCACCCTTGG,0.07832721,I2+AT,,,0.07832721003916361
219,CGCCGAAGAAGATGTCGCAGACGAAGGAGGCGCTTTGGT C CGGAGGCGCAGGAGGAGAGGTGAAGAGGGCCCACCCTTGG,0.84615438,I1+C,,,0.8461543804230772
220,CGCCGAAGAAGATGTCGCAGACGAAGGAGGCGCTTTGGT CACGGAGGCGCAGGAGGAGAGGTGAAGAGGGCCCACCCTTGG,0.03839476,I2+CA,,,0.03839476001919739
221,CGCCGAAGAAGATGTCGCAGACGAAGGAGGCGCTTTGGT CCCGGAGGCGCAGGAGGAGAGGTGAAGAGGGCCCACCCTTGG,0.05629456,I2+CC,,,0.05629456002814729
222,CGCCGAAGAAGATGTCGCAGACGAAGGAGGCGCTTTGGT CGCGGAGGCGCAGGAGGAGAGGTGAAGAGGGCCCACCCTTGG,0.0747236,I2+CG,,,0.07472360003736181
223,CGCCGAAGAAGATGTCGCAGACGAAGGAGGCGCTTTGGT CTCGGAGGCGCAGGAGGAGAGGTGAAGAGGGCCCACCCTTGG,0.03345913,I2+CT,,,0.033459130016729566
224,CGCCGAAGAAGATGTCGCAGACGAAGGAGGCGCTTTGGT G CGGAGGCGCAGGAGGAGAGGTGAAGAGGGCCCACCCTTGG,0.69297306,I1+G,,,0.6929730603464866
225,CGCCGAAGAAGATGTCGCAGACGAAGGAGGCGCTTTGGT GACGGAGGCGCAGGAGGAGAGGTGAAGAGGGCCCACCCTTGG,0.04782612,I2+GA,,,0.047826120023913066
226,CGCCGAAGAAGATGTCGCAGACGAAGGAGGCGCTTTGGT GCCGGAGGCGCAGGAGGAGAGGTGAAGAGGGCCCACCCTTGG,0.0206623,I2+GC,,,0.020662300010331154
227,CGCCGAAGAAGATGTCGCAGACGAAGGAGGCGCTTTGGT GGCGGAGGCGCAGGAGGAGAGGTGAAGAGGGCCCACCCTTGG,0.04120943,I2+GG,,,0.04120943002060472
228,CGCCGAAGAAGATGTCGCAGACGAAGGAGGCGCTTTGGT GTCGGAGGCGCAGGAGGAGAGGTGAAGAGGGCCCACCCTTGG,0.10206118,I2+GT,,,0.10206118005103061
229,CGCCGAAGAAGATGTCGCAGACGAAGGAGGCGCTTTGGT T CGGAGGCGCAGGAGGAGAGGTGAAGAGGGCCCACCCTTGG,20.71034926,I1+T,,,20.710349270355177
230,CGCCGAAGAAGATGTCGCAGACGAAGGAGGCGCTTTGGT TACGGAGGCGCAGGAGGAGAGGTGAAGAGGGCCCACCCTTGG,0.16429841,I2+TA,,,0.16429841008214924
231,CGCCGAAGAAGATGTCGCAGACGAAGGAGGCGCTTTGGT TCCGGAGGCGCAGGAGGAGAGGTGAAGAGGGCCCACCCTTGG,0.07251824,I2+TC,,,0.07251824003625913
232,CGCCGAAGAAGATGTCGCAGACGAAGGAGGCGCTTTGGT TGCGGAGGCGCAGGAGGAGAGGTGAAGAGGGCCCACCCTTGG,0.09837581,I2+TG,,,0.09837581004918791
233,CGCCGAAGAAGATGTCGCAGACGAAGGAGGCGCTTTGGT TTCGGAGGCGCAGGAGGAGAGGTGAAGAGGGCCCACCCTTGG,0.49345328,I2+TT,,,0.49345328024672674
234,CGCCGAAGAAGATGTCGCAGACGAAGGAGGCGCTTTGGT X CGGAGGCGCAGGAGGAGAGGTGAAGAGGGCCCACCCTTGG,4.97683284,I3+X,,,4.976832842488417
235,CGCCGAAGAAGATGTCGCAGACGAAGGAGGCGCTTTGGTAACGGAGGCGCAGGAGGAGAGGTGAAGAGGGCCCACCCTTGG,,,103.0,I2_L-1R0,Not Present
236,CGCCGAAGAAGATGTCGCAGACGAAGGAGGCGCTTTGGTAAGAGGGCCCACCCTTGG,0.02610768,D22  0,79.0,D22_L-1R22,0.026107680013053844
237,CGCCGAAGAAGATGTCGCAGACGAAGGAGGCGCTTTGGTACGGAGGCGCAGGAGGAGAGGTGAAGAGGGCCCACCCTTGG,,,23.0,I1_L-1R0,Not Present
238,CGCCGAAGAAGATGTCGCAGACGAAGGAGGCGCTTTGGTAGAGGGCCCACCCTTGG,0.0555016,D23  0,100.0,D23_L-1R23,0.0555016000277508
239,CGCCGAAGAAGATGTCGCAGACGAAGGAGGCGCTTTGGTAGAGGTGAAGAGGGCCCACCCTTGG,0.25884873,D15  0,99.0,D15_L-1R15,0.25884873012942444
240,CGCCGAAGAAGATGTCGCAGACGAAGGAGGCGCTTTGGTAGGAGAGGTGAAGAGGGCCCACCCTTGG,0.09361257,D12  0,51.0,D12_L-1R12,0.0936125700468063
241,CGCCGAAGAAGATGTCGCAGACGAAGGAGGCGCTTTGGTAGGAGGAGAGGTGAAGAGGGCCCACCCTTGG,0.2460262,D9  0,46.0,D9_L-1R9,0.24602620012301313
242,CGCCGAAGAAGATGTCGCAGACGAAGGAGGCGCTTTGGTAGGCGCAGGAGGAGAGGTGAAGAGGGCCCACCCTTGG,0.36798991,D3  0,28.0,D3_L-1R3,0.36798991018399496
243,CGCCGAAGAAGATGTCGCAGACGAAGGAGGCGCTTTGGTAGGGCCCACCCTTGG,0.01119476,D25  0,93.0,D25_L-1R25,0.011194760005597382
244,CGCCGAAGAAGATGTCGCAGACGAAGGAGGCGCTTTGGTAGGTGAAGAGGGCCCACCCTTGG,0.0875268,D17  0,73.0,D17_L-1R17,0.08752680004376341
245,CGCCGAAGAAGATGTCGCAGACGAAGGAGGCGCTTTGGTATCGGAGGCGCAGGAGGAGAGGTGAAGAGGGCCCACCCTTGG,,,69.0,I2_L-2C1R0,Not Present
246,CGCCGAAGAAGATGTCGCAGACGAAGGAGGCGCTTTGGTCAAGAGGGCCCACCCTTGG,0.01572308,D21  1,,,0.01572308000786154
247,CGCCGAAGAAGATGTCGCAGACGAAGGAGGCGCTTTGGTCACGGAGGCGCAGGAGGAGAGGTGAAGAGGGCCCACCCTTGG,,,97.0,I2_L-1C1R1,Not Present
248,CGCCGAAGAAGATGTCGCAGACGAAGGAGGCGCTTTGGTCAGAGGGCCCACCCTTGG,0.00257769,D22  1,,,0.0025776900012888454
249,CGCCGAAGAAGATGTCGCAGACGAAGGAGGCGCTTTGGTCAGAGGTGAAGAGGGCCCACCCTTGG,0.01150105,D14  1,,,0.011501050005750526
250,CGCCGAAGAAGATGTCGCAGACGAAGGAGGCGCTTTGGTCAGGAGAGGTGAAGAGGGCCCACCCTTGG,0.00608856,D11  1,,,0.00608856000304428
251,CGCCGAAGAAGATGTCGCAGACGAAGGAGGCGCTTTGGTCAGGAGGAGAGGTGAAGAGGGCCCACCCTTGG,0.16389014,D8  1,33.0,D8_L-1C1R9,0.16389014008194508
252,CGCCGAAGAAGATGTCGCAGACGAAGGAGGCGCTTTGGTCAGGAGGAGAGGTGAAGAGGGCCCACCCTTGG,0.05968985,D8  0,33.0,D8_L-1C1R9,0.059689850029844935
253,CGCCGAAGAAGATGTCGCAGACGAAGGAGGCGCTTTGGTCAGGCGCAGGAGGAGAGGTGAAGAGGGCCCACCCTTGG,0.04788102,D2  1,,,0.04788102002394052
254,CGCCGAAGAAGATGTCGCAGACGAAGGAGGCGCTTTGGTCAGGGCCCACCCTTGG,0.00465366,D24  1,,,0.00465366000232683
255,CGCCGAAGAAGATGTCGCAGACGAAGGAGGCGCTTTGGTCAGGTGAAGAGGGCCCACCCTTGG,0.03962438,D16  1,,,0.039624380019812194
256,CGCCGAAGAAGATGTCGCAGACGAAGGAGGCGCTTTGGTCCACCCTTGG,,,95.0,D30_L-1C1R31,Not Present
257,CGCCGAAGAAGATGTCGCAGACGAAGGAGGCGCTTTGGTCCAGGAGGAGAGGTGAAGAGGGCCCACCCTTGG,0.0391713,D7  1,,,0.03917130001958565
258,CGCCGAAGAAGATGTCGCAGACGAAGGAGGCGCTTTGGTCCCACCCTTGG,0.0016071,D29  0,101.0,D29_L-1C1R30,0.0016071000008035503
259,CGCCGAAGAAGATGTCGCAGACGAAGGAGGCGCTTTGGTCCCCACCCTTGG,0.00028084,D28  1,,,0.00028084000014042
260,CGCCGAAGAAGATGTCGCAGACGAAGGAGGCGCTTTGGTCCGCAGGAGGAGAGGTGAAGAGGGCCCACCCTTGG,0.07123616,D5  1,,,0.07123616003561808
261,CGCCGAAGAAGATGTCGCAGACGAAGGAGGCGCTTTGGTCCGGAGGCGCAGGAGGAGAGGTGAAGAGGGCCCACCCTTGG,,,19.0,I1_L-1C1R1,Not Present
262,CGCCGAAGAAGATGTCGCAGACGAAGGAGGCGCTTTGGTCGAAGAGGGCCCACCCTTGG,0.00222227,D20  1,,,0.0022222700011111356
263,CGCCGAAGAAGATGTCGCAGACGAAGGAGGCGCTTTGGTCGAGAGGTGAAGAGGGCCCACCCTTGG,0.01084754,D13  1,,,0.010847540005423772
264,CGCCGAAGAAGATGTCGCAGACGAAGGAGGCGCTTTGGTCGAGGAGAGGTGAAGAGGGCCCACCCTTGG,0.05715924,D10  1,,,0.057159240028579625
265,CGCCGAAGAAGATGTCGCAGACGAAGGAGGCGCTTTGGTCGAGGCGCAGGAGGAGAGGTGAAGAGGGCCCACCCTTGG,0.0597956,D1  1,,,0.059795600029897804
266,CGCCGAAGAAGATGTCGCAGACGAAGGAGGCGCTTTGGTCGAGGGCCCACCCTTGG,0.00631795,D23  1,,,0.006317950003158976
267,CGCCGAAGAAGATGTCGCAGACGAAGGAGGCGCTTTGGTCGAGGTGAAGAGGGCCCACCCTTGG,0.00314082,D15  1,,,0.00314082000157041
268,CGCCGAAGAAGATGTCGCAGACGAAGGAGGCGCTTTGGTCGCAGGAGGAGAGGTGAAGAGGGCCCACCCTTGG,0.45054312,D6  1,25.0,D6_L-1C2R8,0.4505431202252716
269,CGCCGAAGAAGATGTCGCAGACGAAGGAGGCGCTTTGGTCGCAGGAGGAGAGGTGAAGAGGGCCCACCCTTGG,0.11143451,D6  0,25.0,D6_L-1C2R8,0.11143451005571726
270,CGCCGAAGAAGATGTCGCAGACGAAGGAGGCGCTTTGGTCGCGCAGGAGGAGAGGTGAAGAGGGCCCACCCTTGG,0.02003075,D4  1,,,0.020030750010015377
271,CGCCGAAGAAGATGTCGCAGACGAAGGAGGCGCTTTGGTCGCGGAGGCGCAGGAGGAGAGGTGAAGAGGGCCCACCCTTGG,,,90.0,I2_L-1C2R2,Not Present
272,CGCCGAAGAAGATGTCGCAGACGAAGGAGGCGCTTTGGTCGGAGAGGTGAAGAGGGCCCACCCTTGG,0.02827654,D12  1,,,0.028276540014138273
273,CGCCGAAGAAGATGTCGCAGACGAAGGAGGCGCTTTGGTCGGAGGAGAGGTGAAGAGGGCCCACCCTTGG,0.07650839,D9  1,,,0.0765083900382542
274,CGCCGAAGAAGATGTCGCAGACGAAGGAGGCGCTTTGGTCGGAGGCGCAGGAGGAGAGGTGAAGAGGGCCCACCCTTGG,0.0,,,,0.0
275,CGCCGAAGAAGATGTCGCAGACGAAGGAGGCGCTTTGGTCGGCGCAGGAGGAGAGGTGAAGAGGGCCCACCCTTGG,0.00711361,D3  1,,,0.007113610003556806
276,CGCCGAAGAAGATGTCGCAGACGAAGGAGGCGCTTTGGTCGGGCCCACCCTTGG,0.00501525,D25  1,,,0.005015250002507625
277,CGCCGAAGAAGATGTCGCAGACGAAGGAGGCGCTTTGGTCGGTGAAGAGGGCCCACCCTTGG,0.01174866,D17  1,,,0.01174866000587433
278,CGCCGAAGAAGATGTCGCAGACGAAGGAGGCGCTTTGGTCGTGAAGAGGGCCCACCCTTGG,0.00564825,D18  1,,,0.005648250002824125
279,CGCCGAAGAAGATGTCGCAGACGAAGGAGGCGCTTTGGTCTCGGAGGCGCAGGAGGAGAGGTGAAGAGGGCCCACCCTTGG,,,89.0,I2_L-2C2R1,Not Present
280,CGCCGAAGAAGATGTCGCAGACGAAGGAGGCGCTTTGGTCTGAAGAGGGCCCACCCTTGG,0.01557523,D19  1,,,0.015575230007787617
281,CGCCGAAGAAGATGTCGCAGACGAAGGAGGCGCTTTGGTGAAGAGGGCCCACCCTTGG,1.46065016,D21  0,16.0,D21_L-4C3R21,1.4606501607303253
282,CGCCGAAGAAGATGTCGCAGACGAAGGAGGCGCTTTGGTGAGAGGTGAAGAGGGCCCACCCTTGG,0.16380242,D14  0,65.0,D14_L-1R14,0.16380242008190124
283,CGCCGAAGAAGATGTCGCAGACGAAGGAGGCGCTTTGGTGAGGAGAGGTGAAGAGGGCCCACCCTTGG,0.05742059,D11  0,56.0,D11_L-1R11,0.057420590028710305
284,CGCCGAAGAAGATGTCGCAGACGAAGGAGGCGCTTTGGTGAGGCGCAGGAGGAGAGGTGAAGAGGGCCCACCCTTGG,0.76113002,D2  0,7.0,D2_L-1R2,0.7611300203805651
285,CGCCGAAGAAGATGTCGCAGACGAAGGAGGCGCTTTGGTGAGGGCCCACCCTTGG,0.01860942,D24  0,77.0,D24_L-1R24,0.01860942000930471
286,CGCCGAAGAAGATGTCGCAGACGAAGGAGGCGCTTTGGTGAGGTGAAGAGGGCCCACCCTTGG,0.13924346,D16  0,74.0,D16_L-1R16,0.13924346006962174
287,CGCCGAAGAAGATGTCGCAGACGAAGGAGGCGCTTTGGTGCAGGAGGAGAGGTGAAGAGGGCCCACCCTTGG,0.30288141,D7  0,38.0,D7_L-1R7,0.30288141015144077
288,CGCCGAAGAAGATGTCGCAGACGAAGGAGGCGCTTTGGTGCCCACCCTTGG,0.00378066,D28  0,153.0,D28_L-1R28,0.00378066000189033
289,CGCCGAAGAAGATGTCGCAGACGAAGGAGGCGCTTTGGTGCGCAGGAGGAGAGGTGAAGAGGGCCCACCCTTGG,0.33626568,D5  0,41.0,D5_L-1R5,0.3362656801681329
290,CGCCGAAGAAGATGTCGCAGACGAAGGAGGCGCTTTGGTGGAGAGGTGAAGAGGGCCCACCCTTGG,0.15322679,D13  0,68.0,D13_L-1R13,0.1532267900766134
291,CGCCGAAGAAGATGTCGCAGACGAAGGAGGCGCTTTGGTGGAGGAGAGGTGAAGAGGGCCCACCCTTGG,0.09722622,D10  0,57.0,D10_L-1R10,0.09722622004861313
292,CGCCGAAGAAGATGTCGCAGACGAAGGAGGCGCTTTGGTGGAGGCGCAGGAGGAGAGGTGAAGAGGGCCCACCCTTGG,2.61045821,D1  0,9.0,D1_L-1R1,2.6104582113052293
293,CGCCGAAGAAGATGTCGCAGACGAAGGAGGCGCTTTGGTGGCCCACCCTTGG,0.00352377,D27  0,107.0,D27_L-1R27,0.003523770001761885
294,CGCCGAAGAAGATGTCGCAGACGAAGGAGGCGCTTTGGTGGCGCAGGAGGAGAGGTGAAGAGGGCCCACCCTTGG,0.83006045,D4  0,36.0,D4_L-1R4,0.8300604504150303
295,CGCCGAAGAAGATGTCGCAGACGAAGGAGGCGCTTTGGTGGGCCCACCCTTGG,0.01063931,D26  0,96.0,D26_L-1R26,0.010639310005319657
296,CGCCGAAGAAGATGTCGCAGACGAAGGAGGCGCTTTGGTGGTGAAGAGGGCCCACCCTTGG,0.0480945,D18  0,129.0,D18_L-1R18,0.048094500024047256
297,CGCCGAAGAAGATGTCGCAGACGAAGGAGGCGCTTTGGTGTCGGAGGCGCAGGAGGAGAGGTGAAGAGGGCCCACCCTTGG,,,92.0,I2_L-3C2R0,Not Present
298,CGCCGAAGAAGATGTCGCAGACGAAGGAGGCGCTTTGGTGTGAAGAGGGCCCACCCTTGG,0.06469389,D19  0,88.0,D19_L-1R19,0.06469389003234695
299,CGCCGAAGAAGATGTCGCAGACGAAGGAGGCGCTTTGGTTCGGAGGCGCAGGAGGAGAGGTGAAGAGGGCCCACCCTTGG,,,2.0,I1_L-2C1R0,Not Present
300,CGCCGAAGAAGATGTCGCAGACGAAGGAGGCGCTTTGGTTGAAGAGGGCCCACCCTTGG,0.08260417,D20  0,121.0,D20_L-1R20,0.0826041700413021
301,CGCCGAAGAAGATGTCGCAGACGAAGGAGGCGCTTTGTCGGAGGCGCAGGAGGAGAGGTGAAGAGGGCCCACCCTTGG,0.01402357,D1  -2,,,0.014023570007011788
302,CGCCGAAGAAGATGTCGCAGACGAAGGAGGCGCTTTGTGAAGAGGGCCCACCCTTGG,0.01687866,D22  -2,122.0,D22_L-4C1R20,0.016878660008439333
303,CGCCGAAGAAGATGTCGCAGACGAAGGAGGCGCTTTTCGGAGGCGCAGGAGGAGAGGTGAAGAGGGCCCACCCTTGG,0.7845233,D2  -3,,,0.7845233003922617
304,CGCCGAAGAAGATGTCGCAGACGAAGGAGGCGCTTTTGAAGAGGGCCCACCCTTGG,0.00347642,D23  -3,,,0.0034764200017382107
305,CGCCGAAGAAGATGTCGCAGACGAAGGAGGCGGAAGAGGGCCCACCCTTGG,0.0056362,D28  -7,,,0.005636200002818101
306,CGCCGAAGAAGATGTCGCAGACGAAGGAGGCGGAGAGGTGAAGAGGGCCCACCCTTGG,0.34005547,D21  -7,76.0,D21_L-9C1R14,0.3400554701700278
307,CGCCGAAGAAGATGTCGCAGACGAAGGAGGCGGAGGAGAGGTGAAGAGGGCCCACCCTTGG,0.87979296,D18  -7,104.0,D18_L-9C1R11,0.8797929604398966
308,CGCCGAAGAAGATGTCGCAGACGAAGGAGGCGGAGGCGCAGGAGGAGAGGTGAAGAGGGCCCACCCTTGG,1.81752136,D9  -7,6.0,D9_L-10C2R2,1.8175213609087608
309,CGCCGAAGAAGATGTCGCAGACGAAGGAGGCGGAGGTGAAGAGGGCCCACCCTTGG,0.00634962,D23  -7,,,0.006349620003174811
310,CGCCGAAGAAGATGTCGCAGACGAAGGAGGCGGCAGGAGGAGAGGTGAAGAGGGCCCACCCTTGG,0.01260128,D14  -7,,,0.01260128000630064
311,CGCCGAAGAAGATGTCGCAGACGAAGGAGGCGGCGCAGGAGGAGAGGTGAAGAGGGCCCACCCTTGG,0.33620827,D12  -7,60.0,D12_L-9C1R5,0.3362082701681042
312,CGCCGAAGAAGATGTCGCAGACGAAGGAGGCGGGAGAGGTGAAGAGGGCCCACCCTTGG,0.0056082,D20  -7,,,0.0056082000028041005
313,CGCCGAAGAAGATGTCGCAGACGAAGGAGGCGGGAGGAGAGGTGAAGAGGGCCCACCCTTGG,0.08327011,D17  -7,,,0.08327011004163506
314,CGCCGAAGAAGATGTCGCAGACGAAGGAGGCGGGAGGCGCAGGAGGAGAGGTGAAGAGGGCCCACCCTTGG,0.02907372,D8  -7,184.0,D8_L-8R1,0.029073720014536866
315,CGCCGAAGAAGATGTCGCAGACGAAGGAGGCGGGCGCAGGAGGAGAGGTGAAGAGGGCCCACCCTTGG,0.01610745,D11  -7,220.0,D11_L-8R4,0.016107450008053727
316,CGCCGAAGAAGATGTCGCAGACGAAGGAGGCGGGTGAAGAGGGCCCACCCTTGG,0.04208231,D25  -7,,,0.04208231002104115
317,CGCCGAAGAAGATGTCGCAGACGAAGGAGGCGGTCGGAGGCGCAGGAGGAGAGGTGAAGAGGGCCCACCCTTGG,0.01171846,D5  -7,,,0.011718460005859231
318,CGCCGAAGAAGATGTCGCAGACGAAGGAGGCGGTGAAGAGGGCCCACCCTTGG,0.09229198,D26  -7,161.0,D26_L-9C1R19,0.092291980046146
319,CGCCGAAGAAGATGTCGCAGACGAAGGAGGCGTCGGAGGCGCAGGAGGAGAGGTGAAGAGGGCCCACCCTTGG,0.14697527,D6  -7,,,0.14697527007348762
320,CGCCGAAGAAGATGTCGCAGACGAAGGAGGCGTGAAGAGGGCCCACCCTTGG,0.13474885,D27  -7,163.0,D27_L-9C1R20,0.13474885006737444
321,CGCCGAAGAAGATGTCGCAGACGAAGGAGGCTCGGAGGCGCAGGAGGAGAGGTGAAGAGGGCCCACCCTTGG,0.12693052,D7  -8,,,0.12693052006346525
322,CGCCGAAGAAGATGTCGCAGACGAAGGAGGCTGAAGAGGGCCCACCCTTGG,0.02958519,D28  -8,,,0.029585190014792602
323,CGCCGAAGAAGATGTCGCAGACGAAGGAGGGAGAGGTGAAGAGGGCCCACCCTTGG,0.21038302,D23  -9,127.0,D23_L-11C1R14,0.21038302010519153
324,CGCCGAAGAAGATGTCGCAGACGAAGGAGGGAGGAGAGGTGAAGAGGGCCCACCCTTGG,0.11960223,D20  -9,136.0,D20_L-11C1R11,0.11960223005980113
325,CGCCGAAGAAGATGTCGCAGACGAAGGAGGGAGGCGCAGGAGGAGAGGTGAAGAGGGCCCACCCTTGG,0.25791277,D11  -9,53.0,D11_L-11C1R2,0.2579127701289564
326,CGCCGAAGAAGATGTCGCAGACGAAGGAGGGAGGTGAAGAGGGCCCACCCTTGG,0.0325809,D25  -9,,,0.03258090001629046
327,CGCCGAAGAAGATGTCGCAGACGAAGGAGGGCAGGAGGAGAGGTGAAGAGGGCCCACCCTTGG,0.01942095,D16  -9,,,0.01942095000971048
328,CGCCGAAGAAGATGTCGCAGACGAAGGAGGGCGCAGGAGGAGAGGTGAAGAGGGCCCACCCTTGG,0.2435108,D14  -9,157.0,D14_L-11C1R5,0.24351080012175544
329,CGCCGAAGAAGATGTCGCAGACGAAGGAGGGGAGAGGTGAAGAGGGCCCACCCTTGG,0.01188391,D22  -9,213.0,D22_L-10R13,0.011883910005941955
330,CGCCGAAGAAGATGTCGCAGACGAAGGAGGGGAGGAGAGGTGAAGAGGGCCCACCCTTGG,0.01375606,D19  -9,,,0.013756060006878032
331,CGCCGAAGAAGATGTCGCAGACGAAGGAGGGGAGGCGCAGGAGGAGAGGTGAAGAGGGCCCACCCTTGG,0.03212644,D10  -9,174.0,D10_L-10R1,0.03212644001606322
332,CGCCGAAGAAGATGTCGCAGACGAAGGAGGGGCGCAGGAGGAGAGGTGAAGAGGGCCCACCCTTGG,0.03409876,D13  -9,,,0.03409876001704938
333,CGCCGAAGAAGATGTCGCAGACGAAGGAGGGGTGAAGAGGGCCCACCCTTGG,0.01304496,D27  -9,,,0.013044960006522482
334,CGCCGAAGAAGATGTCGCAGACGAAGGAGGGTCGGAGGCGCAGGAGGAGAGGTGAAGAGGGCCCACCCTTGG,0.01214112,D7  -9,,,0.01214112000607056
335,CGCCGAAGAAGATGTCGCAGACGAAGGAGGGTGAAGAGGGCCCACCCTTGG,0.04635963,D28  -9,188.0,D28_L-11C1R19,0.04635963002317982
336,CGCCGAAGAAGATGTCGCAGACGAAGGAGGTCGGAGGCGCAGGAGGAGAGGTGAAGAGGGCCCACCCTTGG,0.10686537,D8  -9,,,0.1068653700534327
337,CGCCGAAGAAGATGTCGCAGACGAAGGAGGTGAAGAGGGCCCACCCTTGG,0.26242454,D29  -9,35.0,D29_L-14C4R20,0.26242454013121225
338,CGCCGAAGAAGATGTCGCAGACGAAGGAGTCGGAGGCGCAGGAGGAGAGGTGAAGAGGGCCCACCCTTGG,0.10320247,D9  -10,,,0.10320247005160124
339,CGCCGAAGAAGATGTCGCAGACGAAGGAGTGAAGAGGGCCCACCCTTGG,,,168.0,D30_L-12C1R20,Not Present
340,CGCCGAAGAAGATGTCGCAGACGAAGGATCGGAGGCGCAGGAGGAGAGGTGAAGAGGGCCCACCCTTGG,0.07010511,D10  -11,,,0.07010511003505256
341,CGCCGAAGAAGATGTCGCAGACGAAGGCAGGAGGAGAGGTGAAGAGGGCCCACCCTTGG,0.1246478,D20  -12,114.0,D20_L-14C1R8,0.12464780006232391
342,CGCCGAAGAAGATGTCGCAGACGAAGGCGCAGGAGGAGAGGTGAAGAGGGCCCACCCTTGG,0.87875278,D18  -12,17.0,D18_L-16C3R6,0.8787527804393765
343,CGCCGAAGAAGATGTCGCAGACGAAGGCGGAGGCGCAGGAGGAGAGGTGAAGAGGGCCCACCCTTGG,0.11220433,D12  -12,54.0,D12_L-13R0,0.1122043300561022
344,CGCCGAAGAAGATGTCGCAGACGAAGGGAGAGGTGAAGAGGGCCCACCCTTGG,0.15094417,D26  -12,146.0,D26_L-14C1R14,0.1509441700754721
345,CGCCGAAGAAGATGTCGCAGACGAAGGGAGGAGAGGTGAAGAGGGCCCACCCTTGG,0.12949645,D23  -12,152.0,D23_L-14C1R11,0.12949645006474825
346,CGCCGAAGAAGATGTCGCAGACGAAGGGAGGCGCAGGAGGAGAGGTGAAGAGGGCCCACCCTTGG,0.46304716,D14  -12,109.0,D14_L-14C1R2,0.46304716023152365
347,CGCCGAAGAAGATGTCGCAGACGAAGGGAGGTGAAGAGGGCCCACCCTTGG,0.01333284,D28  -12,,,0.013332840006666423
348,CGCCGAAGAAGATGTCGCAGACGAAGGGCAGGAGGAGAGGTGAAGAGGGCCCACCCTTGG,0.12720898,D19  -12,,,0.1272089800636045
349,CGCCGAAGAAGATGTCGCAGACGAAGGGCGCAGGAGGAGAGGTGAAGAGGGCCCACCCTTGG,0.08497421,D17  -12,151.0,D17_L-14C1R5,0.0849742100424871
350,CGCCGAAGAAGATGTCGCAGACGAAGGGGAGAGGTGAAGAGGGCCCACCCTTGG,0.02537571,D25  -12,224.0,D25_L-13R13,0.02537571001268786
351,CGCCGAAGAAGATGTCGCAGACGAAGGGGAGGAGAGGTGAAGAGGGCCCACCCTTGG,0.01166505,D22  -12,,,0.011665050005832527
352,CGCCGAAGAAGATGTCGCAGACGAAGGGGAGGCGCAGGAGGAGAGGTGAAGAGGGCCCACCCTTGG,0.03621443,D13  -12,,,0.036214430018107216
353,CGCCGAAGAAGATGTCGCAGACGAAGGGGCGCAGGAGGAGAGGTGAAGAGGGCCCACCCTTGG,0.05859613,D16  -12,,,0.058596130029298074
354,CGCCGAAGAAGATGTCGCAGACGAAGGGTCGGAGGCGCAGGAGGAGAGGTGAAGAGGGCCCACCCTTGG,0.01228974,D10  -12,,,0.012289740006144871
355,CGCCGAAGAAGATGTCGCAGACGAAGGTCGGAGGCGCAGGAGGAGAGGTGAAGAGGGCCCACCCTTGG,0.07908382,D11  -12,,,0.07908382003954192
356,CGCCGAAGAAGATGTCGCAGACGAAGTCGGAGGCGCAGGAGGAGAGGTGAAGAGGGCCCACCCTTGG,0.04787134,D12  -13,,,0.04787134002393568
357,CGCCGAAGAAGATGTCGCAGACGAATCGGAGGCGCAGGAGGAGAGGTGAAGAGGGCCCACCCTTGG,0.01728048,D13  -14,,,0.017280480008640242
358,CGCCGAAGAAGATGTCGCAGACGACAGGAGGAGAGGTGAAGAGGGCCCACCCTTGG,0.02066585,D23  -15,,,0.02066585001033293
359,CGCCGAAGAAGATGTCGCAGACGACGCAGGAGGAGAGGTGAAGAGGGCCCACCCTTGG,0.0129103,D21  -15,,,0.012910300006455152
360,CGCCGAAGAAGATGTCGCAGACGACGGAGGCGCAGGAGGAGAGGTGAAGAGGGCCCACCCTTGG,0.07081483,D15  -15,118.0,D15_L-16R0,0.07081483003540742
361,CGCCGAAGAAGATGTCGCAGACGAGAGAGGTGAAGAGGGCCCACCCTTGG,0.00925629,D29  -15,219.0,D29_L-16R14,0.009256290004628147
362,CGCCGAAGAAGATGTCGCAGACGAGAGGAGAGGTGAAGAGGGCCCACCCTTGG,0.01943268,D26  -15,215.0,D26_L-16R11,0.019432680009716343
363,CGCCGAAGAAGATGTCGCAGACGAGAGGCGCAGGAGGAGAGGTGAAGAGGGCCCACCCTTGG,0.01583484,D17  -15,,,0.01583484000791742
364,CGCCGAAGAAGATGTCGCAGACGAGCAGGAGGAGAGGTGAAGAGGGCCCACCCTTGG,0.02669425,D22  -15,,,0.026694250013347125
365,CGCCGAAGAAGATGTCGCAGACGAGCGCAGGAGGAGAGGTGAAGAGGGCCCACCCTTGG,0.01040564,D20  -15,,,0.010405640005202822
366,CGCCGAAGAAGATGTCGCAGACGAGGAGAGGTGAAGAGGGCCCACCCTTGG,0.08613528,D28  -15,50.0,D28_L-18C2R13,0.08613528004306764
367,CGCCGAAGAAGATGTCGCAGACGAGGAGGAGAGGTGAAGAGGGCCCACCCTTGG,0.06179859,D25  -15,131.0,D25_L-17C1R10,0.0617985900308993
368,CGCCGAAGAAGATGTCGCAGACGAGGAGGCGCAGGAGGAGAGGTGAAGAGGGCCCACCCTTGG,0.0175075,D16  -15,,,0.01750750000875375
369,CGCCGAAGAAGATGTCGCAGACGAGGCGCAGGAGGAGAGGTGAAGAGGGCCCACCCTTGG,0.461056,D19  -15,44.0,D19_L-18C2R4,0.46105600023052806
370,CGCCGAAGAAGATGTCGCAGACGAGTCGGAGGCGCAGGAGGAGAGGTGAAGAGGGCCCACCCTTGG,0.00605045,D13  -15,,,0.006050450003025226
371,CGCCGAAGAAGATGTCGCAGACGATCGGAGGCGCAGGAGGAGAGGTGAAGAGGGCCCACCCTTGG,0.02150031,D14  -15,,,0.02150031001075016
372,CGCCGAAGAAGATGTCGCAGACGCAGGAGGAGAGGTGAAGAGGGCCCACCCTTGG,0.08627559,D24  -16,30.0,D24_L-19C2R8,0.0862755900431378
373,CGCCGAAGAAGATGTCGCAGACGCGCAGGAGGAGAGGTGAAGAGGGCCCACCCTTGG,0.09493186,D22  -16,111.0,D22_L-18C1R6,0.09493186004746594
374,CGCCGAAGAAGATGTCGCAGACGCGGAGGCGCAGGAGGAGAGGTGAAGAGGGCCCACCCTTGG,0.05127154,D16  -16,160.0,D16_L-17R0,0.051271540025635776
375,CGCCGAAGAAGATGTCGCAGACGGAGAGGTGAAGAGGGCCCACCCTTGG,,,87.0,D30_L-18C1R14,Not Present
376,CGCCGAAGAAGATGTCGCAGACGGAGGAGAGGTGAAGAGGGCCCACCCTTGG,0.04780854,D27  -16,78.0,D27_L-18C1R11,0.04780854002390427
377,CGCCGAAGAAGATGTCGCAGACGGAGGCGCAGGAGGAGAGGTGAAGAGGGCCCACCCTTGG,0.30634559,D18  -16,26.0,D18_L-19C2R2,0.3063455901531728
378,CGCCGAAGAAGATGTCGCAGACGGCAGGAGGAGAGGTGAAGAGGGCCCACCCTTGG,0.01364492,D23  -16,,,0.013644920006822462
379,CGCCGAAGAAGATGTCGCAGACGGCGCAGGAGGAGAGGTGAAGAGGGCCCACCCTTGG,0.09049727,D21  -16,140.0,D21_L-18C1R5,0.09049727004524864
380,CGCCGAAGAAGATGTCGCAGACGGGAGAGGTGAAGAGGGCCCACCCTTGG,0.01368415,D29  -16,,,0.013684150006842076
381,CGCCGAAGAAGATGTCGCAGACGGGAGGAGAGGTGAAGAGGGCCCACCCTTGG,0.01610638,D26  -16,,,0.01610638000805319
382,CGCCGAAGAAGATGTCGCAGACGGGAGGCGCAGGAGGAGAGGTGAAGAGGGCCCACCCTTGG,0.01863605,D17  -16,,,0.018636050009318027
383,CGCCGAAGAAGATGTCGCAGACGGGCGCAGGAGGAGAGGTGAAGAGGGCCCACCCTTGG,0.00738971,D20  -16,,,0.007389710003694856
384,CGCCGAAGAAGATGTCGCAGACGGTCGGAGGCGCAGGAGGAGAGGTGAAGAGGGCCCACCCTTGG,0.0068959,D14  -16,,,0.00689590000344795
385,CGCCGAAGAAGATGTCGCAGACGTCGGAGGCGCAGGAGGAGAGGTGAAGAGGGCCCACCCTTGG,0.02106256,D15  -16,,,0.021062560010531285
386,CGCCGAAGAAGATGTCGCAGACTCGGAGGCGCAGGAGGAGAGGTGAAGAGGGCCCACCCTTGG,0.0188635,D16  -17,,,0.01886350000943175
387,CGCCGAAGAAGATGTCGCAGAGAGGCGCAGGAGGAGAGGTGAAGAGGGCCCACCCTTGG,0.00964906,D20  -18,,,0.009649060004824529
388,CGCCGAAGAAGATGTCGCAGAGCAGGAGGAGAGGTGAAGAGGGCCCACCCTTGG,0.02323489,D25  -18,212.0,D25_L-19R7,0.02323489001161745
389,CGCCGAAGAAGATGTCGCAGAGCGCAGGAGGAGAGGTGAAGAGGGCCCACCCTTGG,0.01635731,D23  -18,,,0.016357310008178656
390,CGCCGAAGAAGATGTCGCAGAGGAGGAGAGGTGAAGAGGGCCCACCCTTGG,0.0151801,D28  -18,84.0,D28_L-20C1R10,0.015180100007590052
391,CGCCGAAGAAGATGTCGCAGAGGAGGCGCAGGAGGAGAGGTGAAGAGGGCCCACCCTTGG,0.0124644,D19  -18,222.0,D19_L-19R1,0.012464400006232201
392,CGCCGAAGAAGATGTCGCAGAGGCGCAGGAGGAGAGGTGAAGAGGGCCCACCCTTGG,0.22262707,D22  -18,43.0,D22_L-21C2R4,0.22262707011131358
393,CGCCGAAGAAGATGTCGCAGAGTCGGAGGCGCAGGAGGAGAGGTGAAGAGGGCCCACCCTTGG,0.00398336,D16  -18,,,0.00398336000199168
394,CGCCGAAGAAGATGTCGCAGATCGGAGGCGCAGGAGGAGAGGTGAAGAGGGCCCACCCTTGG,0.02583156,D17  -18,,,0.02583156001291578
395,CGCCGAAGAAGATGTCGCAGCAGGAGGAGAGGTGAAGAGGGCCCACCCTTGG,0.0713018,D27  -19,86.0,D27_L-21C1R8,0.0713018000356509
396,CGCCGAAGAAGATGTCGCAGCGCAGGAGGAGAGGTGAAGAGGGCCCACCCTTGG,0.05850042,D25  -19,124.0,D25_L-21C1R6,0.05850042002925022
397,CGCCGAAGAAGATGTCGCAGCGGAGGCGCAGGAGGAGAGGTGAAGAGGGCCCACCCTTGG,0.0282611,D19  -19,155.0,D19_L-20R0,0.02826110001413055
398,CGCCGAAGAAGATGTCGCAGGAGGAGAGGTGAAGAGGGCCCACCCTTGG,,,5.0,D30_L-25C5R11,Not Present
399,CGCCGAAGAAGATGTCGCAGGAGGCGCAGGAGGAGAGGTGAAGAGGGCCCACCCTTGG,0.05662146,D21  -19,94.0,D21_L-21C1R2,0.05662146002831074
400,CGCCGAAGAAGATGTCGCAGGCAGGAGGAGAGGTGAAGAGGGCCCACCCTTGG,0.02813523,D26  -19,,,0.028135230014067623
401,CGCCGAAGAAGATGTCGCAGGCGCAGGAGGAGAGGTGAAGAGGGCCCACCCTTGG,0.08618773,D24  -19,37.0,D24_L-22C2R5,0.08618773004309388
402,CGCCGAAGAAGATGTCGCAGGGAGGCGCAGGAGGAGAGGTGAAGAGGGCCCACCCTTGG,0.01676049,D20  -19,,,0.016760490008380247
403,CGCCGAAGAAGATGTCGCAGGGCGCAGGAGGAGAGGTGAAGAGGGCCCACCCTTGG,0.0070221,D23  -19,,,0.007022100003511051
404,CGCCGAAGAAGATGTCGCAGGTCGGAGGCGCAGGAGGAGAGGTGAAGAGGGCCCACCCTTGG,0.00559028,D17  -19,,,0.005590280002795141
405,CGCCGAAGAAGATGTCGCAGTCGGAGGCGCAGGAGGAGAGGTGAAGAGGGCCCACCCTTGG,0.01460442,D18  -19,,,0.014604420007302213
406,CGCCGAAGAAGATGTCGCATCGGAGGCGCAGGAGGAGAGGTGAAGAGGGCCCACCCTTGG,0.01117528,D19  -20,,,0.01117528000558764
407,CGCCGAAGAAGATGTCGCCAGGAGGAGAGGTGAAGAGGGCCCACCCTTGG,0.00985524,D29  -21,,,0.00985524000492762
408,CGCCGAAGAAGATGTCGCCGCAGGAGGAGAGGTGAAGAGGGCCCACCCTTGG,0.01248653,D27  -21,,,0.012486530006243265
409,CGCCGAAGAAGATGTCGCCGGAGGCGCAGGAGGAGAGGTGAAGAGGGCCCACCCTTGG,0.01314076,D21  -21,159.0,D21_L-22R0,0.013140760006570381
410,CGCCGAAGAAGATGTCGCGAGGCGCAGGAGGAGAGGTGAAGAGGGCCCACCCTTGG,0.00708322,D23  -21,,,0.007083220003541612
411,CGCCGAAGAAGATGTCGCGCAGGAGGAGAGGTGAAGAGGGCCCACCCTTGG,0.01539839,D28  -21,39.0,D28_L-24C2R7,0.015398390007699197
412,CGCCGAAGAAGATGTCGCGCGCAGGAGGAGAGGTGAAGAGGGCCCACCCTTGG,0.00726683,D26  -21,,,0.007266830003633416
413,CGCCGAAGAAGATGTCGCGGAGGCGCAGGAGGAGAGGTGAAGAGGGCCCACCCTTGG,0.05601929,D22  -21,75.0,D22_L-23C1R1,0.05601929002800965
414,CGCCGAAGAAGATGTCGCGGCGCAGGAGGAGAGGTGAAGAGGGCCCACCCTTGG,0.02138742,D25  -21,,,0.021387420010693714
415,CGCCGAAGAAGATGTCGCGTCGGAGGCGCAGGAGGAGAGGTGAAGAGGGCCCACCCTTGG,0.00264558,D19  -21,,,0.00264558000132279
416,CGCCGAAGAAGATGTCGCTCGGAGGCGCAGGAGGAGAGGTGAAGAGGGCCCACCCTTGG,0.026257,D20  -21,,,0.0262570000131285
417,CGCCGAAGAAGATGTCGGAGGCGCAGGAGGAGAGGTGAAGAGGGCCCACCCTTGG,0.06249533,D24  -22,13.0,D24_L-27C4R2,0.06249533003124767
418,CGCCGAAGAAGATGTCGGCGCAGGAGGAGAGGTGAAGAGGGCCCACCCTTGG,0.01550589,D27  -22,150.0,D27_L-24C1R5,0.015505890007752945
419,CGCCGAAGAAGATGTCGGGAGGCGCAGGAGGAGAGGTGAAGAGGGCCCACCCTTGG,0.01007026,D23  -22,,,0.01007026000503513
420,CGCCGAAGAAGATGTCGGGCGCAGGAGGAGAGGTGAAGAGGGCCCACCCTTGG,0.00807943,D26  -22,,,0.008079430004039717
421,CGCCGAAGAAGATGTCGGTCGGAGGCGCAGGAGGAGAGGTGAAGAGGGCCCACCCTTGG,0.00523604,D20  -22,,,0.00523604000261802
422,CGCCGAAGAAGATGTCGTCGGAGGCGCAGGAGGAGAGGTGAAGAGGGCCCACCCTTGG,0.00732462,D21  -22,,,0.00732462000366231
423,CGCCGAAGAAGATGTCTCGGAGGCGCAGGAGGAGAGGTGAAGAGGGCCCACCCTTGG,0.00667664,D22  -23,,,0.006676640003338321
424,CGCCGAAGAAGATGTGAGGCGCAGGAGGAGAGGTGAAGAGGGCCCACCCTTGG,0.00895021,D26  -24,,,0.008950210004475106
425,CGCCGAAGAAGATGTGCGCAGGAGGAGAGGTGAAGAGGGCCCACCCTTGG,0.00282915,D29  -24,,,0.0028291500014145754
426,CGCCGAAGAAGATGTGGAGGCGCAGGAGGAGAGGTGAAGAGGGCCCACCCTTGG,0.00632765,D25  -24,,,0.006327650003163826
427,CGCCGAAGAAGATGTGGCGCAGGAGGAGAGGTGAAGAGGGCCCACCCTTGG,0.00303459,D28  -24,,,0.0030345900015172956
428,CGCCGAAGAAGATGTGTCGGAGGCGCAGGAGGAGAGGTGAAGAGGGCCCACCCTTGG,0.00244456,D22  -24,,,0.0024445600012222802
429,CGCCGAAGAAGATGTTCGGAGGCGCAGGAGGAGAGGTGAAGAGGGCCCACCCTTGG,0.00284734,D23  -24,,,0.00284734000142367
430,CGCCGAAGAAGATTCGGAGGCGCAGGAGGAGAGGTGAAGAGGGCCCACCCTTGG,0.00241801,D25  -26,,,0.002418010001209005
431,CGCCGAAGAAGCGGAGGCGCAGGAGGAGAGGTGAAGAGGGCCCACCCTTGG,0.00063282,D28  -28,134.0,D28_L-29R0,0.0006328200003164101
432,CGCCGAAGAAGGAGGCGCAGGAGGAGAGGTGAAGAGGGCCCACCCTTGG,,,83.0,D30_L-30C1R2,Not Present
433,CGCCGAAGAAGGGAGGCGCAGGAGGAGAGGTGAAGAGGGCCCACCCTTGG,0.00159934,D29  -28,,,0.0015993400007996705
434,CGCCGAAGAAGTCGGAGGCGCAGGAGGAGAGGTGAAGAGGGCCCACCCTTGG,0.00140508,D27  -28,,,0.00140508000070254
435,CGCCGAAGAATCGGAGGCGCAGGAGGAGAGGTGAAGAGGGCCCACCCTTGG,0.00044353,D28  -29,,,0.0004435300002217651
436,CGCCGAAGACGGAGGCGCAGGAGGAGAGGTGAAGAGGGCCCACCCTTGG,,,156.0,D30_L-31R0,Not Present
437,CGCCGAAGATCGGAGGCGCAGGAGGAGAGGTGAAGAGGGCCCACCCTTGG,0.00042861,D29  -30,,,0.00042861000021430503
