folder,seq,gDNA
mH2K1-sg2_20220614,CCCACACTCGCTGAGGTATTTCGTCACCGCCGTGTCCCGGCCCGGCCTCGGGGAGCCCCGGTACATGGAAGTCGGCTAC,GTCACCGCCGTGTCCCGGCC
gGHR_20250528,GTTTTTCTTTGTATGATTGCAGGTCCTACAGGTATGGATCTCTGGAAGCTGCTGTTGACCTTGGCAGTGGCAGGCTCCA,GTCCTACAGGTATGGATCTC
mDcbld2_2024,ACAGACACAAACACACACACACACAAGTACATACCTGAACTCTGGTTCCAAAAAATTAGATACAGTATCCAAACAAGTG,ACAAGTACATACCTGAACTC
mH2D1-sg2_20220412F,GCAGGTTCCTCAGGCTCACTCGGAACCACTGCTCTTGGCCCTTGGCTTTCTGTGTTTCCCGCTCCCAATACTCCGGCCC,GAACCACTGCTCTTGGCCCT
mH2AB1-sg1_20220628,CCGAGCTGGGGCGGCCAGACGCCGAGTACTGGAACAGCCAGCCGGAGATCCTGGAGCGAACGCGGGCCGAGCTGGACAC,CGAGTACTGGAACAGCCAGC
mSlc7a10_20240906,ACACTCGGGCTCCGTGGGTTTGGCCCTCTTCGTCTGGGTCCTGGGTGGGGGCGTGACAGCTCTGGGCTCTCTCTGCTAT,GCCCTCTTCGTCTGGGTCCT
mIL6_20240428,ATTCCAGAAACCGCTATGAAGTTCCTCTCTGCAAGTAAGTGAAGGCAGTTCCTTGCCCTCTGGCGGAGCTATTGAGACT,TCCTCTCTGCAAGTAAGTGA
mCD74_20250417,AACTTCCCCCTTGCCCTGCCGCTCTGCAGAGGTCTGGACCCCTGGAGTACCCGCAGCTGAAGGGGACCTTCCCAGAGAA,TCTGCAGAGGTCTGGACCCC
mAdam6_20220803M,TCTGGTGTTCTCAAGGCCATCCCACTTGGCGTTACATCTCATCGGAGGTGGTTATTCCTCGGAAGGAGATCTACCATAC,ACTTGGCGTTACATCTCAT
mRagKO-sg1-4--0375_20240425,CAAGCTGATGAATTAGAGGCCATCATGCAAGGCAGGGGCTCCGGGCTTCAACCAGCTGTTTGCTTGGCCATCCGTGTCA,TCATGCAAGGCAGGGGCTCC
mFAH_20240428,ACCGCTGCCGAAGCTCCTTGTCATCTCTGAGCCGGGCTTGGCTGGCAGACAGTAAGTTCTGTAAGGATGCTCTTGCCTC,ATCTCTGAGCCGGGCTTGGC
mSTARD10_20250110,GCTCACAGGAATAATATCCTACGTCAGCGTTGACAGTCAAGCGGGCGATGTCGAAAGTCTCAATGACATTACTGTCCCA,GTCAGCGTTGACAGTCAAGC
mH2D1-sg1_20220516,ACATAGCCGACAGAGATGTACCGGGGCTCCTCGAGGCCGGGCCGGGACACGGCGGTCTCGAAATACCGCATCGAGTGTG,GGGGCTCCTCGAGGCCGGGC
mFABP4_20250418F,TCCTCGAAGGTTTACAAAATGTGTGATGCCTTTGTGGGAACCTGGAAGCTTGTCTCCAGTGAAAACTTCGATGATTACA,GTGATGCCTTTGTGGGAACC
mSTARD10_20241211,GCTCACAGGAATAATATCCTACGTCAGCGTTGACAGTCAAGCGGGCGATGTCGAAAGTCTCAATGACATTACTGTCCCA,GTCAGCGTTGACAGTCAAGC
mH2K1-sg3_20220504,GGGTTTCTTCTTCCCCAGGACTGAGCCCCAGCCCGAGGGCAGAGGGAGGAGCTGCCCGCGGCCCCTGCACCTGTGCGCA,GAGCCCCAGCCCGAGGGCAG
cPRDM14_20241127F,AAATCTCAGGTCCCCAACACTGGCCACCGTCGCTCCGGCCGGCGGTGTGTGCCAAGTCCTCGCTGGCGGCGCCGGTAAA,GCCACCGTCGCTCCGGCCGG
mSRY_20250110,AGCTGCTTGCTGATCTCTGTATTTTGCATGCTGGGATTCTGCTGGGCCAACTTGTGCCTCTCACCACGGGACCACACCA,TTTGCATGCTGGGATTCTGC
mCTNNB1_20220608,ACTGCTTACCTGGTCCTCATCGTTTAGCAGTTTTGTCAGCTCAGGAATTGCACGTGTGGCAAGTTCCGCGTCATCCTGA,TTTAGCAGTTTTGTCAGCTC
pGHR_20241213F,TCCAGTGGCATGAAAAAGTCTCTAGTTCAGGTGAACGGCACTTGGTGAATTTAGGCTTTCCAGAAGAATCTGCCGAATA,TAGTTCAGGTGAACGGCACT
mMettl14-sg2_20220607,CGGATAGCATTGGTGCTGTGTTAAATAGCAAAGATGAACAGAGGGAGATTGCTGAAACCAGAGAAACCTGCAGGTATGC,AAATAGCAAAGATGAACAGA
mHV5-sg6_20240428,CCTAGACAGTTTATTTCCCAACTTCTCTCAGCCGGCTCCCTCAGGGACAAATATCCAAGATTAGTCTGCAATGCTCAGA,TTCTCTCAGCCGGCTCCCTC
mMettl14-sg1_20220607,TCCAAATAAAGCTGACATACCTACATCCCTGATGAAATTCTGAGGTCTGTGTCCAGTGTCTACAAAATGTTGGCAGTAA,ACATCCCTGATGAAATTCTG
mH2AB1-sg2_20220516,CAGAGGGCAGCTGGGCCTCATGAGGCAAAGGGCAGAGGGCAGAGGTGAGACAGGAGGGAGACTCCAAGGAGGCGCTAGG,AGGCAAAGGGCAGAGGGCAG
mSorl1_20240911,GCCAGCAAGACCAATGTGTACATCTCTAGCAGTGCTGGAGCCAGGTGGAGAGAGGTCAGTTCCTGGTCCCGGAGCTTTT,TCTCTAGCAGTGCTGGAGCC
mEPHA2_20240425,GACAGTGGGTCCTCAGGTGCCCTGAAATAGCCTTCTTCACACTGGCAGGAGGTGGCACCCTCTGTGGATGGCAGGGTAT,TGAAATAGCCTTCTTCACAC
mCTNNB1_20220628,ACTGCTTACCTGGTCCTCATCGTTTAGCAGTTTTGTCAGCTCAGGAATTGCACGTGTGGCAAGTTCCGCGTCATCCTGA,TTTAGCAGTTTTGTCAGCTC
sSOCS2-sg96_20240812F,CAGTCTAAATTTCCCATCTTGGTATTCGATGCGAAGATTAGTTGGTCCAGCTGATGTCTTAACAGATATTGTTAGTAGG,GTATTCGATGCGAAGATTAGT
mSlc7a10_20250110,ACACTCGGGCTCCGTGGGTTTGGCCCTCTTCGTCTGGGTCCTGGGTGGGGGCGTGACAGCTCTGGGCTCTCTCTGCTAT,GCCCTCTTCGTCTGGGTCCT
sSOCS2-sg83_20240812R,AGATTAGTTGGTCCAGCTGATGTCTTAACAGATATTGTTAGTAGGTAGTCTGAATGCGAACTATCTCTAATCAAGAAAG,GTCTTAACAGATATTGTTAGT
mIL5_20240428,AGGATGCTTCTGCACTTGAGTGTTCTGACTCTCAGCTGTGTCTGGGCCACTGCCATGGAGATTCCCATGAGCACAGTGG,TTCTGACTCTCAGCTGTGTC
mKat2a_20220621,AGCTCTCAAAGATGTTCCTGCTCTGCCTTAACTACTGGAAGCTGGAGACCCCTGCTCAATTCCGGCAGCGGTCCCAGTC,CTGCCTTAACTACTGGAAGC
sSOCS2-sg83_20240812F,AGATTAGTTGGTCCAGCTGATGTCTTAACAGATATTGTTAGTAGGTAGTCTGAATGCGAACTATCTCTAATCAAGAAAG,GTCTTAACAGATATTGTTAGT
mSRY_20240513,AGCTGCTTGCTGATCTCTGTATTTTGCATGCTGGGATTCTGCTGGGCCAACTTGTGCCTCTCACCACGGGACCACACCA,TTTGCATGCTGGGATTCTGC
mCD44_20241211,TTTCAAAACCCTTGCTCAGGGCCAACTTCATTTGGTCCATGGTGGGTAAGGTACTGTTGAAAGCCTGGCAGAGGTCAGC,CAACTTCATTTGGTCCATGG
cGHR_20241127,TCCAGTGACATGAGAAAGTCTCCAGTTCAGGTGAACGGCACTTGGTGAATTTAGGATTCCCAGAAGAATCTGCAGAGTA,CAGTTCAGGTGAACGGCACT
mFABP4_20250417F,TCCTCGAAGGTTTACAAAATGTGTGATGCCTTTGTGGGAACCTGGAAGCTTGTCTCCAGTGAAAACTTCGATGATTACA,GTGATGCCTTTGTGGGAACC
mHV5-sg7_20240428,GGTGAGTCCTGCATCTGGGGACTGTGGGGTTCAGGTGGCCTAAGGCAGGATGTGGAGAGAGTTTTAGTATAGGAACAGA,TGTGGGGTTCAGGTGGCCTA
pCD163_20241213,GAGGGAATGAGTCAGCTCTCTGGGACTGCAAACATGATGGATGGGGAAAGCATAACTGTACTCACCAACAGGATGCTGG,GGACTGCAAACATGATGGAT
mTTN-sg9_20250417F,TTAGAATTGCAAATTTCACATTGAATTTGAAATCATTCCCCAGGGAAATCTTTATAGAAAAGAAAATTCTAGATCCTAA,GAATTTGAAATCATTCCCCA
mULK4-sg2_20240722,CTCTCACGACATCTTCTGGGAGGTTTTCGTCCTGAGCAATCACGGTTTCTAGAGAACCACCTACAGGAATTGAGCTCGG,GTTTTCGTCCTGAGCAATCA
gPRDM1_20250528,CGCCGAAGAAGATGTCGCAGACGAAGGAGGCGCTTTGGTCGGAGGCGCAGGAGGAGAGGTGAAGAGGGCCCACCCTTGG,GAAGGAGGCGCTTTGGTCGG
mGM-sg2_20240911,GAGGCGAGATCAGGTGATGACAATGACTTCTTAATAGGTTCCTGGGTGCAGTACACCAGAGATGATGGATCCAAAAAGT,ATGACTTCTTAATAGGTTCC
cRAG2_20241127,ATGAATTTTGATGGGCAAGTTTTCTTCTTTGGCCAAAAAGGCTGGCCCAAGAGGTCTTGCCCCACTGGAGTTTTCCATT,TCTTCTTTGGCCAAAAAGGC
mRNASE1_20241211,ATGTGCTGCCGCTGAAACTTCTGTGCTGCAGATTCCCTGCCCAGGGAAGGCTGGACCCATCCAAGCAGCAGGACAAACA,GTGCTGCAGATTCCCTGCCC
mHV5-sg2_20240428,ACTAAGAATCTGTGTGATGGTGTTGGTGGAGTCCCTGGATGATGGGATAGGGACTTTGGAGGCTCATTTGAAGAAGATG,TTGGTGGAGTCCCTGGATGA
mH2D1-sg1_20220412R,ACATAGCCGACAGAGATGTACCGGGGCTCCTCGAGGCCGGGCCGGGACACGGCGGTCTCGAAATACCGCATCGAGTGTG,GGGGCTCCTCGAGGCCGGGC
mKif27_20240513,CAACTTGGCACACACTTATTGTGAAAATAGCGTGGGATCTACTGGAGTGCTCGTTCATCTGGGTGGTGCCTGTGTGCCT,GAAAATAGCGTGGGATCTAC
mSRY_20241219,AGCTGCTTGCTGATCTCTGTATTTTGCATGCTGGGATTCTGCTGGGCCAACTTGTGCCTCTCACCACGGGACCACACCA,TTTGCATGCTGGGATTCTGC
mIL21R_20250417R,TCACTTGCTACACTGACTACCTCTGGACCATCACCTGTGTCCTGGAGACACGGAGCCCCAACCCCAGCATACTCAGTCT,CTGGACCATCACCTGTGTCC
mHSP90_20250417s1,ATGTGCAGCTCCTTCCCCGAGTCCAGTTTACTGGGGTCCGTCAGGCTCTCGTAACGGATTTTATCCAGAGCCTATTAAG,CCAGTTTACTGGGGTCCGTC
mH2D1-sg1_20220504,ACATAGCCGACAGAGATGTACCGGGGCTCCTCGAGGCCGGGCCGGGACACGGCGGTCTCGAAATACCGCATCGAGTGTG,GGGGCTCCTCGAGGCCGGGC
mFABP4_20250417R,TCCTCGAAGGTTTACAAAATGTGTGATGCCTTTGTGGGAACCTGGAAGCTTGTCTCCAGTGAAAACTTCGATGATTACA,GTGATGCCTTTGTGGGAACC
mHSP90_20250417s2,ATGTGCAGCTCCTTCCCCGAGTCCAGTTTACTGGGGTCCGTCAGGCTCTCGTAACGGATTTTATCCAGAGCCTATTAAG,CCAGTTTACTGGGGTCCGTC
mH2K1-sg2_20220504,CCCACACTCGCTGAGGTATTTCGTCACCGCCGTGTCCCGGCCCGGCCTCGGGGAGCCCCGGTACATGGAAGTCGGCTAC,GTCACCGCCGTGTCCCGGCC
cPRDM14_20241127R,AAATCTCAGGTCCCCAACACTGGCCACCGTCGCTCCGGCCGGCGGTGTGTGCCAAGTCCTCGCTGGCGGCGCCGGTAAA,GCCACCGTCGCTCCGGCCGG
pPRDM14_20241213F,CAGGAGGCCCGACATCGCGTGGTGCAAGCGGGCTGGGTGCTGAGGGCTGGGAATGACCCCGTACAGAACTAAGTGCAGG,TGCAAGCGGGCTGGGTGCTG
mH2AB1-sg1_20220412F,CCGAGCTGGGGCGGCCAGACGCCGAGTACTGGAACAGCCAGCCGGAGATCCTGGAGCGAACGCGGGCCGAGCTGGACAC,CGAGTACTGGAACAGCCAGC
mDIRK_2024,CAGATCCAGGGGCCAGTGGATAGACAGATGGGGGTGTCGTTTTGGCTACAAGAAAAAGTATATGTGATTACACTGTCAG,GACAGATGGGGGTGTCGTTT
mMettl14-sg2_20220526,CGGATAGCATTGGTGCTGTGTTAAATAGCAAAGATGAACAGAGGGAGATTGCTGAAACCAGAGAAACCTGCAGGTATGC,AAATAGCAAAGATGAACAGA
mAdam6_20220816M,TCTGGTGTTCTCAAGGCCATCCCACTTGGCGTTACATCTCATCGGAGGTGGTTATTCCTCGGAAGGAGATCTACCATAC,ACTTGGCGTTACATCTCAT
mH2AB1-sg1_20240513,CCGAGCTGGGGCGGCCAGACGCCGAGTACTGGAACAGCCAGCCGGAGATCCTGGAGCGAACGCGGGCCGAGCTGGACAC,CGAGTACTGGAACAGCCAGC
mAdgre1_20240513,CAATCTTCAGACATTGTTCCATAATATATTTAAAAGCAAGAAAGGATGTTAACCCTGAAAAAGACAAAAGGGAATGACC,AATATATTTAAAAGCAAGAA
mH2D1-sg2_20220412R,GCAGGTTCCTCAGGCTCACTCGGAACCACTGCTCTTGGCCCTTGGCTTTCTGTGTTTCCCGCTCCCAATACTCCGGCCC,GAACCACTGCTCTTGGCCCT
mH2K1-sg3_20220614,GGGTTTCTTCTTCCCCAGGACTGAGCCCCAGCCCGAGGGCAGAGGGAGGAGCTGCCCGCGGCCCCTGCACCTGTGCGCA,GAGCCCCAGCCCGAGGGCAG
mEPHA2_20240730,GACAGTGGGTCCTCAGGTGCCCTGAAATAGCCTTCTTCACACTGGCAGGAGGTGGCACCCTCTGTGGATGGCAGGGTAT,TGAAATAGCCTTCTTCACAC
mSTK4-sg2_20240722s1,CCTTGCCATGGAAAAGTACCACGTTTTGGAGATGATTGGAGAAGGCTCTTTTGGGAGAGTGTATAAGGGCCGAAAAAAA,GTTTTGGAGATGATTGGAGA
mH2D1-sg1_20220628s1,ACATAGCCGACAGAGATGTACCGGGGCTCCTCGAGGCCGGGCCGGGACACGGCGGTCTCGAAATACCGCATCGAGTGTG,GGGGCTCCTCGAGGCCGGGC
mH2D1-sg2_20240613,GCAGGTTCCTCAGGCTCACTCGGAACCACTGCTCTTGGCCCTTGGCTTTCTGTGTTTCCCGCTCCCAATACTCCGGCCC,GAACCACTGCTCTTGGCCCT
mCD44_20250110,TTTCAAAACCCTTGCTCAGGGCCAACTTCATTTGGTCCATGGTGGGTAAGGTACTGTTGAAAGCCTGGCAGAGGTCAGC,CAACTTCATTTGGTCCATGG
mSTK4-sg2_20240722s2,CCTTGCCATGGAAAAGTACCACGTTTTGGAGATGATTGGAGAAGGCTCTTTTGGGAGAGTGTATAAGGGCCGAAAAAAA,GTTTTGGAGATGATTGGAGA
mNAT2_20241127R,GTCTCCAGGTTAATCATCTGCTGTACTGGGCTCTGACCAAACTGGGCTTTGAAACCACAATGCTGGGAGGATATGTCTT,GTACTGGGCTCTGACCAAAC
mMMRN1_20241211,GGAGGCTCAGTATTTCACTTACAGAAGCTGAAGCGGGGTTCGGGGTCAGTGAGGCGTCTTCATCCTTAGGCGCAGTCCA,AGAAGCTGAAGCGGGGTTCG
mKat2a_20220608,AGCTCTCAAAGATGTTCCTGCTCTGCCTTAACTACTGGAAGCTGGAGACCCCTGCTCAATTCCGGCAGCGGTCCCAGTC,CTGCCTTAACTACTGGAAGC
mIL21R_20250417F,TCACTTGCTACACTGACTACCTCTGGACCATCACCTGTGTCCTGGAGACACGGAGCCCCAACCCCAGCATACTCAGTCT,CTGGACCATCACCTGTGTCC
mIL7_20240428,CAGTCATCATGACTACACCCACCTCCCGCAGACCATGTTCCATGGTAAGCGCTGCTCTCTGGTGCGCACAAGTAGGTGC,CTCCCGCAGACCATGTTCCA
mAdam6_20220803R,TCTGGTGTTCTCAAGGCCATCCCACTTGGCGTTACATCTCATCGGAGGTGGTTATTCCTCGGAAGGAGATCTACCATAC,ACTTGGCGTTACATCTCAT
mGM-sg1_20240911,TAGACACTGTCAATTCCGTCATACTTCACCAAATAAAGAGAAGGGTTTGTTGGCAGTTGACCTAGAATGATGGCCTTCC,ACTTCACCAAATAAAGAGAA
mIL6_20240601,ATTCCAGAAACCGCTATGAAGTTCCTCTCTGCAAGTAAGTGAAGGCAGTTCCTTGCCCTCTGGCGGAGCTATTGAGACT,TCCTCTCTGCAAGTAAGTGA
mELF5_20220621,CACGGGTGGCAGGAAGAGAAACTCTGATGGACACCGGACACCAGGCTCATTTGATGGATTTCTGTTGTTGGAAACAATC,TCTGATGGACACCGGACACC
pPRDM14_20241213R,CAGGAGGCCCGACATCGCGTGGTGCAAGCGGGCTGGGTGCTGAGGGCTGGGAATGACCCCGTACAGAACTAAGTGCAGG,TGCAAGCGGGCTGGGTGCTG
mAdam6_20220816R,TCTGGTGTTCTCAAGGCCATCCCACTTGGCGTTACATCTCATCGGAGGTGGTTATTCCTCGGAAGGAGATCTACCATAC,ACTTGGCGTTACATCTCAT
mNAT2_20241217,GTCTCCAGGTTAATCATCTGCTGTACTGGGCTCTGACCAAACTGGGCTTTGAAACCACAATGCTGGGAGGATATGTCTT,GTACTGGGCTCTGACCAAAC
mKif27_20240601,CAACTTGGCACACACTTATTGTGAAAATAGCGTGGGATCTACTGGAGTGCTCGTTCATCTGGGTGGTGCCTGTGTGCCT,GAAAATAGCGTGGGATCTAC
mCTNNB1_20220621,ACTGCTTACCTGGTCCTCATCGTTTAGCAGTTTTGTCAGCTCAGGAATTGCACGTGTGGCAAGTTCCGCGTCATCCTGA,TTTAGCAGTTTTGTCAGCTC
mPDL1_20231112,AAATGCTGCCCTTCAGATCACAGACGTCAAGCTGCAGGACGCAGGCGTTTACTGCTGCATAATCAGCTACGGTGGTGCG,GACGTCAAGCTGCAGGACGC
mH2AB1-sg1_20220516,CCGAGCTGGGGCGGCCAGACGCCGAGTACTGGAACAGCCAGCCGGAGATCCTGGAGCGAACGCGGGCCGAGCTGGACAC,CGAGTACTGGAACAGCCAGC
mFABP4_20250418R,TCCTCGAAGGTTTACAAAATGTGTGATGCCTTTGTGGGAACCTGGAAGCTTGTCTCCAGTGAAAACTTCGATGATTACA,GTGATGCCTTTGTGGGAACC
mAdgre1_20240601,CAATCTTCAGACATTGTTCCATAATATATTTAAAAGCAAGAAAGGATGTTAACCCTGAAAAAGACAAAAGGGAATGACC,AATATATTTAAAAGCAAGAA
mIL2rg_20231112,AGCTCCACCCTGCCCTCAGCAGGAGCAGCTGAAGGACTAAGAAGGATCTAGGTGACAATAATAGTTTCAACATGGTGCT,GAGCAGCTGAAGGACTAAGA
mHCAR2_20250110,GATTTCCAGGACTTGAGGTGGAAACAGAAAATCCACAAGGCAAGGCCATTGCCCAGGAGTCCGAACACAAATTCCAGCC,AACAGAAAATCCACAAGGCA
mSlc7a10_20241127,ACACTCGGGCTCCGTGGGTTTGGCCCTCTTCGTCTGGGTCCTGGGTGGGGGCGTGACAGCTCTGGGCTCTCTCTGCTAT,GCCCTCTTCGTCTGGGTCCT
mH2D1-sg1_20220412F,ACATAGCCGACAGAGATGTACCGGGGCTCCTCGAGGCCGGGCCGGGACACGGCGGTCTCGAAATACCGCATCGAGTGTG,GGGGCTCCTCGAGGCCGGGC
mCD44_20241217,TTTCAAAACCCTTGCTCAGGGCCAACTTCATTTGGTCCATGGTGGGTAAGGTACTGTTGAAAGCCTGGCAGAGGTCAGC,CAACTTCATTTGGTCCATGG
pAPN_20241213F,TTTCCAAGGCCCTGGGCATCCTGGGCATCCTCCTCGGCGTGGCGGCCGTGGCCACCATCATCGCTCTGTCTGTGGTGTA,GGGCATCCTCCTCGGCGTGG
mNAT2_20241127F,GTCTCCAGGTTAATCATCTGCTGTACTGGGCTCTGACCAAACTGGGCTTTGAAACCACAATGCTGGGAGGATATGTCTT,GTACTGGGCTCTGACCAAAC
mKat2a_20220628,AGCTCTCAAAGATGTTCCTGCTCTGCCTTAACTACTGGAAGCTGGAGACCCCTGCTCAATTCCGGCAGCGGTCCCAGTC,CTGCCTTAACTACTGGAAGC
mTTN-sg7_20250417,AAAAATGCTGCCTTGATTTCTTCACATGGATGGAGCTGTGTGTGGACTGAATCACAGAAGGCTGTGGGAATTATTCAGG,CACATGGATGGAGCTGTGTG
pGHR_20241213R,TCCAGTGGCATGAAAAAGTCTCTAGTTCAGGTGAACGGCACTTGGTGAATTTAGGCTTTCCAGAAGAATCTGCCGAATA,TAGTTCAGGTGAACGGCACT
sSOCS2-sg96_20240812R,CAGTCTAAATTTCCCATCTTGGTATTCGATGCGAAGATTAGTTGGTCCAGCTGATGTCTTAACAGATATTGTTAGTAGG,GTATTCGATGCGAAGATTAGT
mRag1_20231112,TAAAACAGATGTCACAGGACGGTGTGTGGGGGTGCCACTCCACGGTCACTTTCCTTGGGAAGTAGACCTGACTGTGGGA,TGTGTGGGGGTGCCACTCCA
gPRDM14_20250528,AAATCTCAGGTCCCCAACACTGGCCACCGTCGCTCCGGCCGGCGGTGTGTGCCAAGTCCTCGCTGGCGGCGCCGGTAAA,GCCACCGTCGCTCCGGCCGG
mTPO_20240428,ATTGCCATAGCTCCAAGTGTTCTCATTCTAGAGCTGAAGTGGTGGAAGAGATAATCAGATAGTCAGCAGAGTACTGTGG,TCATTCTAGAGCTGAAGTGG
mSRY_20240601,AGCTGCTTGCTGATCTCTGTATTTTGCATGCTGGGATTCTGCTGGGCCAACTTGTGCCTCTCACCACGGGACCACACCA,TTTGCATGCTGGGATTCTGC
mHV5-sg6_20240601,CCTAGACAGTTTATTTCCCAACTTCTCTCAGCCGGCTCCCTCAGGGACAAATATCCAAGATTAGTCTGCAATGCTCAGA,TTCTCTCAGCCGGCTCCCTC
mTPO_20240601,ATTGCCATAGCTCCAAGTGTTCTCATTCTAGAGCTGAAGTGGTGGAAGAGATAATCAGATAGTCAGCAGAGTACTGTGG,TCATTCTAGAGCTGAAGTGG
pAPN_20241213R,TTTCCAAGGCCCTGGGCATCCTGGGCATCCTCCTCGGCGTGGCGGCCGTGGCCACCATCATCGCTCTGTCTGTGGTGTA,GGGCATCCTCCTCGGCGTGG
mTTN-sg9_20250417R,TTAGAATTGCAAATTTCACATTGAATTTGAAATCATTCCCCAGGGAAATCTTTATAGAAAAGAAAATTCTAGATCCTAA,GAATTTGAAATCATTCCCCA
mHCAR2_20241211,GATTTCCAGGACTTGAGGTGGAAACAGAAAATCCACAAGGCAAGGCCATTGCCCAGGAGTCCGAACACAAATTCCAGCC,AACAGAAAATCCACAAGGCA
mSTARD10_20241217,GCTCACAGGAATAATATCCTACGTCAGCGTTGACAGTCAAGCGGGCGATGTCGAAAGTCTCAATGACATTACTGTCCCA,GTCAGCGTTGACAGTCAAGC
mMettl14-sg1_20220516,TCCAAATAAAGCTGACATACCTACATCCCTGATGAAATTCTGAGGTCTGTGTCCAGTGTCTACAAAATGTTGGCAGTAA,ACATCCCTGATGAAATTCTG
mSTK4-sg3_20240722,TCAGCTCTTTCTCTGAGCGCCCCAGTTTGGGGATGAACTTCAAGGCCACCACCTGCCAGTGGTAAAGTGAAGAGTCAAG,CAGTTTGGGGATGAACTTCA
mHSP90_20250417s3,ATGTGCAGCTCCTTCCCCGAGTCCAGTTTACTGGGGTCCGTCAGGCTCTCGTAACGGATTTTATCCAGAGCCTATTAAG,CCAGTTTACTGGGGTCCGTC
mMrgpra_20240602,AACAGCACCAGTGACAACAAATCCAATGGACGAAACCCTCCCTGGAAGTATCAACATTAGGATTCTGATCCCAAAATTG,CCAATGGACGAAACCCTCCC
mMTAP_20240428,ACAACAGACTGGTAGGAACTTGGCGTTTGAAGCTACAGCTCAGGGAAAGGAGTTTAGATTTCTAATGATCGACATTATC,GCGTTTGAAGCTACAGCTCA
mH2AB1-sg1_20220412R,CCGAGCTGGGGCGGCCAGACGCCGAGTACTGGAACAGCCAGCCGGAGATCCTGGAGCGAACGCGGGCCGAGCTGGACAC,CGAGTACTGGAACAGCCAGC
mGpbar1_20250602,GAGCAGCCCGGCTAGTAGTAGGCTTAGGAAGAAGCAGCCAGCAGGTGGGCTGCGCAAGTGGCGGTCCAGGGCGATGCCT,CTTAGGAAGAAGCAGCCAGC
mH2D1-sg1_20220628s2,ACATAGCCGACAGAGATGTACCGGGGCTCCTCGAGGCCGGGCCGGGACACGGCGGTCTCGAAATACCGCATCGAGTGTG,GGGGCTCCTCGAGGCCGGGC
