N_gt,loc,indel_size,Indelgen_seq,Identifier,Count
-96,Not Present,-96,Not Present,Not Present,9.0
-42,Not Present,-42,Not Present,Not Present,5.57
-24,"[(15,40,),(16,41,)]",-24,GCAGGTTCCTCAGGCTCTTGGCTTTCTGTGTTTCCCGCTCCCAATACTCCGGCCC,D24_L-24C1R2,21.73
-22,"[(24,47,)]",-22,GCAGGTTCCTCAGGCTCACTCGGAATTCTGTGTTTCCCGCTCCCAATACTCCGGCCC,D22_L-15R8,12.26
-22,"[(35,58,)]",-22,GCAGGTTCCTCAGGCTCACTCGGAACCACTGCTCTTCCGCTCCCAATACTCCGGCCC,D22_L-4R19,18.04
-16,"[(35,52,)]",-16,GCAGGTTCCTCAGGCTCACTCGGAACCACTGCTCTTTGTTTCCCGCTCCCAATACTCCGGCCC,D16_L-4R13,11.11
-7,"[(32,40,),(33,41,),(34,42,),(35,43,),(36,44,),(37,45,),(38,46,)]",-7,GCAGGTTCCTCAGGCTCACTCGGAACCACTGCTCTTGGCTTTCTGTGTTTCCCGCTCCCAATACTCCGGCCC,D7_L-7C6R7,5.66
-6,"[(32,39,),(33,40,)]",-6,GCAGGTTCCTCAGGCTCACTCGGAACCACTGCTCCTTGGCTTTCTGTGTTTCCCGCTCCCAATACTCCGGCCC,D6_L-7C1R1,116.18
-1,"[(37,39,),(38,40,)]",-1,GCAGGTTCCTCAGGCTCACTCGGAACCACTGCTCTTGGCCTTGGCTTTCTGTGTTTCCCGCTCCCAATACTCCGGCCC,D1_L-2C2R2,51.52
0,Not Present,0,Not Present,Not Present,234.75
15,Not Present,15,Not Present,Not Present,14.17
